batch,user_id,secondjudging,showntojudges,secondround,semifinals,livefinals,filename,title,j_scores,o_scores,j_score_data,o_score_data,path
1,1575,True,True,True,True,False,80136__1575__63108.jpg,project,"{""R"": 2, ""L"": 5, ""M"": 3, ""P"": 2, ""H"": 4}","{""a"": 5, ""m"": 5, ""t"": 3, ""p"": 4, ""r"": 5}","{""score"": 2, ""raw_mean"": 4, ""mean_all"": 3.2, ""variance"": 1.7, ""label"": 0, ""scores"": [2, 5, 3, 2, 4]}","{""score"": 5.0, ""raw_mean"": 4.4, ""mean"": 4.4, ""variance"": 0.8, ""label"": 0, ""scores"": [5, 5, 3, 4, 5]}",5-1-1575
1,403,True,True,True,True,True,58985__403__58985.jpg,project,"{""R"": 5, ""L"": 4, ""M"": 5, ""P"": 3, ""H"": 3}","{""a"": 4, ""m"": 5, ""t"": 3, ""p"": 4, ""r"": 5}","{""score"": 3, ""raw_mean"": 4.666666666666667, ""mean_all"": 4, ""variance"": 1, ""label"": 0, ""scores"": [5, 4, 5, 3, 3]}","{""score"": 5.0, ""raw_mean"": 4.2, ""mean"": 4.2, ""variance"": 0.7, ""label"": 0, ""scores"": [4, 5, 3, 4, 5]}",5-1-403
1,2948,True,True,True,True,False,38126__2948__62183.jpg,project,"{""R"": 4, ""L"": 2, ""M"": 3, ""P"": 3, ""H"": 4}","{""a"": 3, ""m"": 5, ""t"": 3, ""p"": 5, ""r"": 4}","{""score"": 1, ""raw_mean"": 3.6666666666666665, ""mean_all"": 3.2, ""variance"": 0.7, ""label"": 0, ""scores"": [4, 2, 3, 3, 4]}","{""score"": 5.0, ""raw_mean"": 4, ""mean"": 4, ""variance"": 1, ""label"": 2, ""scores"": [3, 5, 3, 5, 4]}",5-1-2948
1,1260,True,True,True,True,False,25326__1260__62352.jpg,project,"{""R"": 3, ""L"": 4, ""M"": 4, ""P"": 3, ""H"": 3}","{""a"": 4, ""m"": 4, ""t"": 5, ""p"": 4, ""r"": 5}","{""score"": 1, ""raw_mean"": 3.6666666666666665, ""mean_all"": 3.4, ""variance"": 0.3, ""label"": 0, ""scores"": [3, 4, 4, 3, 3]}","{""score"": 5.0, ""raw_mean"": 4.4, ""mean"": 4.4, ""variance"": 0.3, ""label"": 0, ""scores"": [4, 4, 5, 4, 5]}",5-1-1260
1,235,True,True,True,True,True,65595__235__59556.jpg,project,"{""R"": 5, ""L"": 4, ""M"": 5, ""P"": 5, ""H"": 3}","{""a"": 4, ""m"": 5, ""t"": 5, ""p"": 5, ""r"": 5}","{""score"": 5, ""raw_mean"": 5, ""mean_all"": 4.4, ""variance"": 0.8, ""label"": 0, ""scores"": [5, 4, 5, 5, 3]}","{""score"": 5.0, ""raw_mean"": 4.8, ""mean"": 4.8, ""variance"": 0.2, ""label"": 0, ""scores"": [4, 5, 5, 5, 5]}",5-1-235
1,2878,True,True,True,True,False,57475__2878__57475.jpg,project,"{""R"": 5, ""L"": 5, ""M"": 1, ""P"": 3, ""H"": 3}","{""a"": 3, ""m"": 5, ""t"": 3, ""p"": 4, ""r"": 5}","{""score"": 3, ""raw_mean"": 4.333333333333333, ""mean_all"": 3.4, ""variance"": 2.8, ""label"": 0, ""scores"": [5, 5, 1, 3, 3]}","{""score"": 5.0, ""raw_mean"": 4, ""mean"": 4, ""variance"": 1, ""label"": 2, ""scores"": [3, 5, 3, 4, 5]}",5-1-2878
1,421,True,True,False,False,False,61706__421__60716.jpg,project,"{""R"": 3, ""L"": 1, ""M"": 2, ""P"": 2, ""H"": 2}","{""a"": 3, ""m"": 3, ""t"": 5, ""p"": 3, ""r"": 3}","{""score"": 0, ""raw_mean"": 2.3333333333333335, ""mean_all"": 2, ""variance"": 0.5, ""label"": 0, ""scores"": [3, 1, 2, 2, 2]}","{""score"": 4.666, ""raw_mean"": 3.4, ""mean"": 3.4, ""variance"": 0.8, ""label"": 0, ""scores"": [3, 3, 5, 3, 3]}",4-1-421
1,3511,True,True,True,True,True,09016__3511__61090.jpg,project,"{""R"": 2, ""L"": 5, ""M"": 4, ""P"": 4, ""H"": 4}","{""a"": 3, ""m"": 4, ""t"": 3, ""p"": 5, ""r"": 3}","{""score"": 2, ""raw_mean"": 4.333333333333333, ""mean_all"": 3.8, ""variance"": 1.2, ""label"": 0, ""scores"": [2, 5, 4, 4, 4]}","{""score"": 4.666, ""raw_mean"": 3.6, ""mean"": 3.6, ""variance"": 0.8, ""label"": 0, ""scores"": [3, 4, 3, 5, 3]}",4-1-3511
2,3595,True,True,True,False,False,39475__3595__57493.jpg,project,"{""R"": 2, ""L"": 3, ""M"": 3, ""P"": 2, ""H"": 3}","{""a"": 3, ""m"": 3, ""t"": 3, ""p"": 3, ""r"": 5}","{""score"": 0, ""raw_mean"": 3, ""mean_all"": 2.6, ""variance"": 0.3, ""label"": 0, ""scores"": [2, 3, 3, 2, 3]}","{""score"": 4.666, ""raw_mean"": 3.4, ""mean"": 3.4, ""variance"": 0.8, ""label"": 0, ""scores"": [3, 3, 3, 3, 5]}",4-2-3595
1,181,True,True,True,False,False,95646__181__64659.jpg,project,"{""R"": 3, ""L"": 2, ""M"": 3, ""P"": 2, ""H"": 3}","{""a"": 3, ""m"": 4, ""t"": 5, ""p"": 4, ""r"": 4}","{""score"": 0, ""raw_mean"": 3, ""mean_all"": 2.6, ""variance"": 0.3, ""label"": 0, ""scores"": [3, 2, 3, 2, 3]}","{""score"": 4.666, ""raw_mean"": 4, ""mean"": 4, ""variance"": 0.5, ""label"": 2, ""scores"": [3, 4, 5, 4, 4]}",4-1-181
1,3381,True,True,True,True,False,49846__3381__64894.jpg,project,"{""R"": 3, ""L"": 2, ""M"": 3, ""P"": 2, ""H"": 4}","{""a"": 3, ""m"": 2, ""t"": 3, ""p"": 4, ""r"": 5}","{""score"": 0, ""raw_mean"": 3.3333333333333335, ""mean_all"": 2.8, ""variance"": 0.7, ""label"": 0, ""scores"": [3, 2, 3, 2, 4]}","{""score"": 4.666, ""raw_mean"": 3.4, ""mean"": 3.4, ""variance"": 1.3, ""label"": 0, ""scores"": [3, 2, 3, 4, 5]}",4-1-3381
1,5787,True,True,True,False,False,54385__5787__58345.jpg,project,"{""R"": 3, ""L"": 3, ""M"": 2, ""P"": 3, ""H"": 2}","{""a"": 3, ""m"": 3, ""t"": 3, ""p"": 3, ""r"": 5}","{""score"": 0, ""raw_mean"": 3, ""mean_all"": 2.6, ""variance"": 0.3, ""label"": 0, ""scores"": [3, 3, 2, 3, 2]}","{""score"": 4.666, ""raw_mean"": 3.4, ""mean"": 3.4, ""variance"": 0.8, ""label"": 0, ""scores"": [3, 3, 3, 3, 5]}",4-1-5787
1,4123,True,True,True,True,False,82616__4123__61628.jpg,project,"{""R"": 2, ""L"": 5, ""M"": 2, ""P"": 2, ""H"": 3}","{""a"": 4, ""m"": 3, ""t"": 3, ""p"": 4, ""r"": 5}","{""score"": 2, ""raw_mean"": 3.3333333333333335, ""mean_all"": 2.8, ""variance"": 1.7, ""label"": 0, ""scores"": [2, 5, 2, 2, 3]}","{""score"": 4.666, ""raw_mean"": 3.8, ""mean"": 3.8, ""variance"": 0.7, ""label"": 0, ""scores"": [4, 3, 3, 4, 5]}",4-1-4123
1,2365,False,False,False,False,False,26536__2365__63562.jpg,project,"{""R"": 0, ""L"": 0, ""M"": 0, ""P"": 0, ""H"": 0}","{""a"": 2, ""m"": 2, ""t"": 2, ""p"": 2, ""r"": 5}","{""score"": 0, ""raw_mean"": 0, ""mean_all"": 0, ""variance"": 0, ""label"": 0, ""scores"": [0, 0, 0, 0, 0]}","{""score"": 4.666, ""raw_mean"": 2.6, ""mean"": 2.6, ""variance"": 1.8, ""label"": 0, ""scores"": [2, 2, 2, 2, 5]}",4-1-2365
1,107,True,True,True,True,False,23556__107__65532.jpg,project,"{""R"": 1, ""L"": 4, ""M"": 3, ""P"": 2, ""H"": 3}","{""a"": 4, ""m"": 4, ""t"": 3, ""p"": 4, ""r"": 5}","{""score"": 0, ""raw_mean"": 3.3333333333333335, ""mean_all"": 2.6, ""variance"": 1.3, ""label"": 0, ""scores"": [1, 4, 3, 2, 3]}","{""score"": 4.666, ""raw_mean"": 4, ""mean"": 4, ""variance"": 0.5, ""label"": 2, ""scores"": [4, 4, 3, 4, 5]}",4-1-107
2,5734,True,True,True,False,False,16135__5734__53161.jpg,project,"{""R"": 1, ""L"": 3, ""M"": 2, ""P"": 3, ""H"": 3}","{""a"": 3, ""m"": 4, ""t"": 3, ""p"": 4, ""r"": 5}","{""score"": 0, ""raw_mean"": 3, ""mean_all"": 2.4, ""variance"": 0.8, ""label"": 0, ""scores"": [1, 3, 2, 3, 3]}","{""score"": 4.666, ""raw_mean"": 3.8, ""mean"": 3.8, ""variance"": 0.7, ""label"": 0, ""scores"": [3, 4, 3, 4, 5]}",4-2-5734
1,2625,True,True,True,True,True,34506__2625__60543.jpg,project,"{""R"": 5, ""L"": 4, ""M"": 5, ""P"": 4, ""H"": 5}","{""a"": 4, ""m"": 3, ""t"": 4, ""p"": 4, ""r"": 5}","{""score"": 5, ""raw_mean"": 5, ""mean_all"": 4.6, ""variance"": 0.3, ""label"": 0, ""scores"": [5, 4, 5, 4, 5]}","{""score"": 4.666, ""raw_mean"": 4, ""mean"": 4, ""variance"": 0.5, ""label"": 2, ""scores"": [4, 3, 4, 4, 5]}",4-1-2625
1,1965,True,True,True,True,False,98095__1965__59089.jpg,project,"{""R"": 2, ""L"": 4, ""M"": 3, ""P"": 3, ""H"": 4}","{""a"": 3, ""m"": 4, ""t"": 4, ""p"": 4, ""r"": 5}","{""score"": 1, ""raw_mean"": 3.6666666666666665, ""mean_all"": 3.2, ""variance"": 0.7, ""label"": 0, ""scores"": [2, 4, 3, 3, 4]}","{""score"": 4.666, ""raw_mean"": 4, ""mean"": 4, ""variance"": 0.5, ""label"": 2, ""scores"": [3, 4, 4, 4, 5]}",4-1-1965
1,357,True,True,True,False,False,35875__357__57853.jpg,project,"{""R"": 2, ""L"": 3, ""M"": 3, ""P"": 2, ""H"": 3}","{""a"": 3, ""m"": 4, ""t"": 2, ""p"": 3, ""r"": 5}","{""score"": 0, ""raw_mean"": 3, ""mean_all"": 2.6, ""variance"": 0.3, ""label"": 0, ""scores"": [2, 3, 3, 2, 3]}","{""score"": 4.666, ""raw_mean"": 3.4, ""mean"": 3.4, ""variance"": 1.3, ""label"": 0, ""scores"": [3, 4, 2, 3, 5]}",4-1-357
1,1115,True,True,False,False,False,22606__1115__60622.jpg,project,"{""R"": 2, ""L"": 3, ""M"": 2, ""P"": 2, ""H"": 2}","{""a"": 3, ""m"": 3, ""t"": 4, ""p"": 4, ""r"": 5}","{""score"": 0, ""raw_mean"": 2.3333333333333335, ""mean_all"": 2.2, ""variance"": 0.2, ""label"": 0, ""scores"": [2, 3, 2, 2, 2]}","{""score"": 4.666, ""raw_mean"": 3.8, ""mean"": 3.8, ""variance"": 0.7, ""label"": 0, ""scores"": [3, 3, 4, 4, 5]}",4-1-1115
1,6020,True,True,True,False,False,93695__6020__59639.jpg,project,"{""R"": 1, ""L"": 2, ""M"": 2, ""P"": 2, ""H"": 4}","{""a"": 3, ""m"": 4, ""t"": 3, ""p"": 3, ""r"": 5}","{""score"": 0, ""raw_mean"": 2.6666666666666665, ""mean_all"": 2.2, ""variance"": 1.2, ""label"": 0, ""scores"": [1, 2, 2, 2, 4]}","{""score"": 4.666, ""raw_mean"": 3.6, ""mean"": 3.6, ""variance"": 0.8, ""label"": 0, ""scores"": [3, 4, 3, 3, 5]}",4-1-6020
1,1983,True,True,False,False,False,64946__1983__64946.jpg,project,"{""R"": 3, ""L"": 1, ""M"": 1, ""P"": 1, ""H"": 3}","{""a"": 3, ""m"": 3, ""t"": 3, ""p"": 3, ""r"": 5}","{""score"": 0, ""raw_mean"": 2.3333333333333335, ""mean_all"": 1.8, ""variance"": 1.2, ""label"": 0, ""scores"": [3, 1, 1, 1, 3]}","{""score"": 4.666, ""raw_mean"": 3.4, ""mean"": 3.4, ""variance"": 0.8, ""label"": 0, ""scores"": [3, 3, 3, 3, 5]}",4-1-1983
1,5966,True,True,False,False,False,52056__5966__65025.jpg,project,"{""R"": 1, ""L"": 2, ""M"": 2, ""P"": 1, ""H"": 3}","{""a"": 3, ""m"": 3, ""t"": 3, ""p"": 3, ""r"": 5}","{""score"": 0, ""raw_mean"": 2.3333333333333335, ""mean_all"": 1.8, ""variance"": 0.7, ""label"": 0, ""scores"": [1, 2, 2, 1, 3]}","{""score"": 4.666, ""raw_mean"": 3.4, ""mean"": 3.4, ""variance"": 0.8, ""label"": 0, ""scores"": [3, 3, 3, 3, 5]}",4-1-5966
1,313,True,True,True,True,True,96685__313__58669.jpg,project,"{""R"": 3, ""L"": 2, ""M"": 4, ""P"": 5, ""H"": 3}","{""a"": 3, ""m"": 4, ""t"": 3, ""p"": 5, ""r"": 3}","{""score"": 2, ""raw_mean"": 4, ""mean_all"": 3.4, ""variance"": 1.3, ""label"": 0, ""scores"": [3, 2, 4, 5, 3]}","{""score"": 4.666, ""raw_mean"": 3.6, ""mean"": 3.6, ""variance"": 0.8, ""label"": 0, ""scores"": [3, 4, 3, 5, 3]}",4-1-313
1,1709,True,True,True,True,False,50055__1709__55005.jpg,project,"{""R"": 2, ""L"": 4, ""M"": 4, ""P"": 3, ""H"": 4}","{""a"": 4, ""m"": 3, ""t"": 3, ""p"": 4, ""r"": 5}","{""score"": 1, ""raw_mean"": 4, ""mean_all"": 3.4, ""variance"": 0.8, ""label"": 0, ""scores"": [2, 4, 4, 3, 4]}","{""score"": 4.666, ""raw_mean"": 3.8, ""mean"": 3.8, ""variance"": 0.7, ""label"": 0, ""scores"": [4, 3, 3, 4, 5]}",4-1-1709
1,4320,True,True,True,False,False,46846__4320__64864.jpg,project,"{""R"": 2, ""L"": 3, ""M"": 2, ""P"": 2, ""H"": 3}","{""a"": 4, ""m"": 3, ""t"": 3, ""p"": 3, ""r"": 5}","{""score"": 0, ""raw_mean"": 2.6666666666666665, ""mean_all"": 2.4, ""variance"": 0.3, ""label"": 0, ""scores"": [2, 3, 2, 2, 3]}","{""score"": 4.666, ""raw_mean"": 3.6, ""mean"": 3.6, ""variance"": 0.8, ""label"": 0, ""scores"": [4, 3, 3, 3, 5]}",4-1-4320
2,4223,True,True,False,False,False,49075__4223__57094.jpg,project,"{""R"": 2, ""L"": 2, ""M"": 2, ""P"": 3, ""H"": 2}","{""a"": 3, ""m"": 3, ""t"": 3, ""p"": 4, ""r"": 5}","{""score"": 0, ""raw_mean"": 2.3333333333333335, ""mean_all"": 2.2, ""variance"": 0.2, ""label"": 0, ""scores"": [2, 2, 2, 3, 2]}","{""score"": 4.666, ""raw_mean"": 3.6, ""mean"": 3.6, ""variance"": 0.8, ""label"": 0, ""scores"": [3, 3, 3, 4, 5]}",4-2-4223
1,5815,True,True,True,True,True,93045__5815__54039.jpg,project,"{""R"": 4, ""L"": 5, ""M"": 5, ""P"": 5, ""H"": 3}","{""a"": 3, ""m"": 3, ""t"": 5, ""p"": 4, ""r"": 3}","{""score"": 5, ""raw_mean"": 5, ""mean_all"": 4.4, ""variance"": 0.8, ""label"": 0, ""scores"": [4, 5, 5, 5, 3]}","{""score"": 4.666, ""raw_mean"": 3.6, ""mean"": 3.6, ""variance"": 0.8, ""label"": 0, ""scores"": [3, 3, 5, 4, 3]}",4-1-5815
1,5730,True,True,True,True,False,62435__5730__53426.jpg,project,"{""R"": 3, ""L"": 5, ""M"": 3, ""P"": 2, ""H"": 3}","{""a"": 4, ""m"": 4, ""t"": 4, ""p"": 3, ""r"": 5}","{""score"": 2, ""raw_mean"": 3.6666666666666665, ""mean_all"": 3.2, ""variance"": 1.2, ""label"": 0, ""scores"": [3, 5, 3, 2, 3]}","{""score"": 4.666, ""raw_mean"": 4, ""mean"": 4, ""variance"": 0.5, ""label"": 2, ""scores"": [4, 4, 4, 3, 5]}",4-1-5730
1,2262,True,True,True,True,False,50565__2262__56505.jpg,project,"{""R"": 1, ""L"": 3, ""M"": 4, ""P"": 1, ""H"": 3}","{""a"": 3, ""m"": 4, ""t"": 3, ""p"": 3, ""r"": 5}","{""score"": 0, ""raw_mean"": 3.3333333333333335, ""mean_all"": 2.4, ""variance"": 1.8, ""label"": 0, ""scores"": [1, 3, 4, 1, 3]}","{""score"": 4.666, ""raw_mean"": 3.6, ""mean"": 3.6, ""variance"": 0.8, ""label"": 0, ""scores"": [3, 4, 3, 3, 5]}",4-1-2262
1,774,True,True,True,False,False,46635__774__53664.jpg,project,"{""R"": 2, ""L"": 2, ""M"": 3, ""P"": 2, ""H"": 3}","{""a"": 4, ""m"": 3, ""t"": 3, ""p"": 4, ""r"": 5}","{""score"": 0, ""raw_mean"": 2.6666666666666665, ""mean_all"": 2.4, ""variance"": 0.3, ""label"": 0, ""scores"": [2, 2, 3, 2, 3]}","{""score"": 4.666, ""raw_mean"": 3.8, ""mean"": 3.8, ""variance"": 0.7, ""label"": 0, ""scores"": [4, 3, 3, 4, 5]}",4-1-774
1,2908,True,True,True,True,True,14055__2908__55041.jpg,project,"{""R"": 2, ""L"": 2, ""M"": 4, ""P"": 4, ""H"": 4}","{""a"": 4, ""m"": 3, ""t"": 5, ""p"": 4, ""r"": 4}","{""score"": 1, ""raw_mean"": 4, ""mean_all"": 3.2, ""variance"": 1.2, ""label"": 0, ""scores"": [2, 2, 4, 4, 4]}","{""score"": 4.666, ""raw_mean"": 4, ""mean"": 4, ""variance"": 0.5, ""label"": 2, ""scores"": [4, 3, 5, 4, 4]}",4-1-2908
1,3908,True,True,True,True,False,31906__3908__60913.jpg,project,"{""R"": 3, ""L"": 4, ""M"": 3, ""P"": 2, ""H"": 4}","{""a"": 4, ""m"": 5, ""t"": 3, ""p"": 4, ""r"": 4}","{""score"": 1, ""raw_mean"": 3.6666666666666665, ""mean_all"": 3.2, ""variance"": 0.7, ""label"": 0, ""scores"": [3, 4, 3, 2, 4]}","{""score"": 4.666, ""raw_mean"": 4, ""mean"": 4, ""variance"": 0.5, ""label"": 2, ""scores"": [4, 5, 3, 4, 4]}",4-1-3908
1,16,True,True,True,False,False,10345__16__54301.jpg,project,"{""R"": 1, ""L"": 3, ""M"": 2, ""P"": 2, ""H"": 4}","{""a"": 4, ""m"": 3, ""t"": 4, ""p"": 4, ""r"": 5}","{""score"": 0, ""raw_mean"": 3, ""mean_all"": 2.4, ""variance"": 1.3, ""label"": 0, ""scores"": [1, 3, 2, 2, 4]}","{""score"": 4.666, ""raw_mean"": 4, ""mean"": 4, ""variance"": 0.5, ""label"": 2, ""scores"": [4, 3, 4, 4, 5]}",4-1-16
1,1477,True,True,True,False,False,88795__1477__59788.jpg,project,"{""R"": 2, ""L"": 1, ""M"": 3, ""P"": 1, ""H"": 4}","{""a"": 4, ""m"": 4, ""t"": 3, ""p"": 3, ""r"": 5}","{""score"": 0, ""raw_mean"": 3, ""mean_all"": 2.2, ""variance"": 1.7, ""label"": 0, ""scores"": [2, 1, 3, 1, 4]}","{""score"": 4.666, ""raw_mean"": 3.8, ""mean"": 3.8, ""variance"": 0.7, ""label"": 0, ""scores"": [4, 4, 3, 3, 5]}",4-1-1477
1,6251,True,True,True,False,False,30266__6251__66203.jpg,project,"{""R"": 2, ""L"": 1, ""M"": 3, ""P"": 1, ""H"": 4}","{""a"": 3, ""m"": 5, ""t"": 4, ""p"": 3, ""r"": 3}","{""score"": 0, ""raw_mean"": 3, ""mean_all"": 2.2, ""variance"": 1.7, ""label"": 0, ""scores"": [2, 1, 3, 1, 4]}","{""score"": 4.666, ""raw_mean"": 3.6, ""mean"": 3.6, ""variance"": 0.8, ""label"": 0, ""scores"": [3, 5, 4, 3, 3]}",4-1-6251
2,6141,True,True,False,False,False,58226__6141__62285.jpg,project,"{""R"": 3, ""L"": 2, ""M"": 2, ""P"": 2, ""H"": 2}","{""a"": 3, ""m"": 3, ""t"": 3, ""p"": 4, ""r"": 5}","{""score"": 0, ""raw_mean"": 2.3333333333333335, ""mean_all"": 2.2, ""variance"": 0.2, ""label"": 0, ""scores"": [3, 2, 2, 2, 2]}","{""score"": 4.666, ""raw_mean"": 3.6, ""mean"": 3.6, ""variance"": 0.8, ""label"": 0, ""scores"": [3, 3, 3, 4, 5]}",4-2-6141
1,6141,True,True,True,False,False,76226__6141__62267.jpg,project,"{""R"": 2, ""L"": 1, ""M"": 3, ""P"": 1, ""H"": 3}","{""a"": 3, ""m"": 5, ""t"": 2, ""p"": 4, ""r"": 4}","{""score"": 0, ""raw_mean"": 2.6666666666666665, ""mean_all"": 2, ""variance"": 1, ""label"": 0, ""scores"": [2, 1, 3, 1, 3]}","{""score"": 4.666, ""raw_mean"": 3.6, ""mean"": 3.6, ""variance"": 1.3, ""label"": 0, ""scores"": [3, 5, 2, 4, 4]}",4-1-6141
1,1414,True,True,True,True,False,58746__1414__64785.jpg,project,"{""R"": 3, ""L"": 3, ""M"": 2, ""P"": 2, ""H"": 4}","{""a"": 3, ""m"": 4, ""t"": 3, ""p"": 4, ""r"": 5}","{""score"": 0, ""raw_mean"": 3.3333333333333335, ""mean_all"": 2.8, ""variance"": 0.7, ""label"": 0, ""scores"": [3, 3, 2, 2, 4]}","{""score"": 4.666, ""raw_mean"": 3.8, ""mean"": 3.8, ""variance"": 0.7, ""label"": 0, ""scores"": [3, 4, 3, 4, 5]}",4-1-1414
1,1824,True,True,True,True,False,47955__1824__55974.jpg,project,"{""R"": 3, ""L"": 2, ""M"": 3, ""P"": 2, ""H"": 4}","{""a"": 3, ""m"": 4, ""t"": 3, ""p"": 4, ""r"": 5}","{""score"": 0, ""raw_mean"": 3.3333333333333335, ""mean_all"": 2.8, ""variance"": 0.7, ""label"": 0, ""scores"": [3, 2, 3, 2, 4]}","{""score"": 4.666, ""raw_mean"": 3.8, ""mean"": 3.8, ""variance"": 0.7, ""label"": 0, ""scores"": [3, 4, 3, 4, 5]}",4-1-1824
1,1129,True,True,False,False,False,55916__1129__61955.jpg,project,"{""R"": 3, ""L"": 2, ""M"": 1, ""P"": 2, ""H"": 2}","{""a"": 3, ""m"": 3, ""t"": 3, ""p"": 4, ""r"": 5}","{""score"": 0, ""raw_mean"": 2.3333333333333335, ""mean_all"": 2, ""variance"": 0.5, ""label"": 0, ""scores"": [3, 2, 1, 2, 2]}","{""score"": 4.666, ""raw_mean"": 3.6, ""mean"": 3.6, ""variance"": 0.8, ""label"": 0, ""scores"": [3, 3, 3, 4, 5]}",4-1-1129
2,1842,True,True,False,False,False,99956__1842__65999.jpg,project,"{""R"": 1, ""L"": 1, ""M"": 2, ""P"": 2, ""H"": 2}","{""a"": 4, ""m"": 2, ""t"": 4, ""p"": 3, ""r"": 5}","{""score"": 0, ""raw_mean"": 2, ""mean_all"": 1.6, ""variance"": 0.3, ""label"": 0, ""scores"": [1, 1, 2, 2, 2]}","{""score"": 4.666, ""raw_mean"": 3.6, ""mean"": 3.6, ""variance"": 1.3, ""label"": 0, ""scores"": [4, 2, 4, 3, 5]}",4-2-1842
1,6163,True,True,False,False,False,03736__6163__63730.jpg,project,"{""R"": 2, ""L"": 1, ""M"": 1, ""P"": 1, ""H"": 2}","{""a"": 2, ""m"": 3, ""t"": 5, ""p"": 2, ""r"": 3}","{""score"": 0, ""raw_mean"": 1.6666666666666667, ""mean_all"": 1.4, ""variance"": 0.3, ""label"": 0, ""scores"": [2, 1, 1, 1, 2]}","{""score"": 4.666, ""raw_mean"": 3, ""mean"": 3, ""variance"": 1.5, ""label"": 0, ""scores"": [2, 3, 5, 2, 3]}",4-1-6163
1,70,True,True,True,True,False,43536__70__63534.jpg,project,"{""R"": 4, ""L"": 4, ""M"": 2, ""P"": 2, ""H"": 4}","{""a"": 4, ""m"": 3, ""t"": 4, ""p"": 4, ""r"": 5}","{""score"": 1, ""raw_mean"": 4, ""mean_all"": 3.2, ""variance"": 1.2, ""label"": 0, ""scores"": [4, 4, 2, 2, 4]}","{""score"": 4.666, ""raw_mean"": 4, ""mean"": 4, ""variance"": 0.5, ""label"": 2, ""scores"": [4, 3, 4, 4, 5]}",4-1-70
1,4528,True,True,False,False,False,61006__4528__60016.jpg,project,"{""R"": 2, ""L"": 2, ""M"": 1, ""P"": 1, ""H"": 2}","{""a"": 3, ""m"": 4, ""t"": 3, ""p"": 3, ""r"": 5}","{""score"": 0, ""raw_mean"": 2, ""mean_all"": 1.6, ""variance"": 0.3, ""label"": 0, ""scores"": [2, 2, 1, 1, 2]}","{""score"": 4.666, ""raw_mean"": 3.6, ""mean"": 3.6, ""variance"": 0.8, ""label"": 0, ""scores"": [3, 4, 3, 3, 5]}",4-1-4528
1,2695,True,True,True,False,False,40446__2695__64404.jpg,project,"{""R"": 3, ""L"": 3, ""M"": 3, ""P"": 3, ""H"": 3}","{""a"": 4, ""m"": 4, ""t"": 3, ""p"": 4, ""r"": 5}","{""score"": 0, ""raw_mean"": 3, ""mean_all"": 3, ""variance"": 0, ""label"": 0, ""scores"": [3, 3, 3, 3, 3]}","{""score"": 4.666, ""raw_mean"": 4, ""mean"": 4, ""variance"": 0.5, ""label"": 2, ""scores"": [4, 4, 3, 4, 5]}",4-1-2695
2,1177,True,True,False,False,False,18485__1177__58481.jpg,project,"{""R"": 2, ""L"": 1, ""M"": 2, ""P"": 3, ""H"": 2}","{""a"": 3, ""m"": 3, ""t"": 3, ""p"": 4, ""r"": 5}","{""score"": 0, ""raw_mean"": 2.3333333333333335, ""mean_all"": 2, ""variance"": 0.5, ""label"": 0, ""scores"": [2, 1, 2, 3, 2]}","{""score"": 4.666, ""raw_mean"": 3.6, ""mean"": 3.6, ""variance"": 0.8, ""label"": 0, ""scores"": [3, 3, 3, 4, 5]}",4-2-1177
1,5767,True,True,True,False,False,50535__5767__53505.jpg,project,"{""R"": 3, ""L"": 1, ""M"": 3, ""P"": 2, ""H"": 3}","{""a"": 2, ""m"": 3, ""t"": 4, ""p"": 4, ""r"": 3}","{""score"": 0, ""raw_mean"": 3, ""mean_all"": 2.4, ""variance"": 0.8, ""label"": 0, ""scores"": [3, 1, 3, 2, 3]}","{""score"": 4.333, ""raw_mean"": 3.2, ""mean"": 3.2, ""variance"": 0.7, ""label"": 0, ""scores"": [2, 3, 4, 4, 3]}",4-1-5767
1,1632,True,True,False,False,False,95106__1632__60159.jpg,project,"{""R"": 2, ""L"": 2, ""M"": 2, ""P"": 2, ""H"": 2}","{""a"": 3, ""m"": 3, ""t"": 3, ""p"": 4, ""r"": 4}","{""score"": 0, ""raw_mean"": 2, ""mean_all"": 2, ""variance"": 0, ""label"": 0, ""scores"": [2, 2, 2, 2, 2]}","{""score"": 4.333, ""raw_mean"": 3.4, ""mean"": 3.4, ""variance"": 0.3, ""label"": 0, ""scores"": [3, 3, 3, 4, 4]}",4-1-1632
1,116,True,True,False,False,False,06255__116__55260.jpg,project,"{""R"": 3, ""L"": 1, ""M"": 2, ""P"": 2, ""H"": 2}","{""a"": 4, ""m"": 4, ""t"": 3, ""p"": 3, ""r"": 4}","{""score"": 0, ""raw_mean"": 2.3333333333333335, ""mean_all"": 2, ""variance"": 0.5, ""label"": 0, ""scores"": [3, 1, 2, 2, 2]}","{""score"": 4.333, ""raw_mean"": 3.6, ""mean"": 3.6, ""variance"": 0.3, ""label"": 0, ""scores"": [4, 4, 3, 3, 4]}",4-1-116
1,6259,True,True,True,True,True,88266__6259__66288.jpg,project,"{""R"": 2, ""L"": 2, ""M"": 2, ""P"": 5, ""H"": 5}","{""a"": 1, ""m"": 4, ""t"": 3, ""p"": 4, ""r"": 4}","{""score"": 3, ""raw_mean"": 4, ""mean_all"": 3.2, ""variance"": 2.7, ""label"": 0, ""scores"": [2, 2, 2, 5, 5]}","{""score"": 4.333, ""raw_mean"": 3.2, ""mean"": 3.2, ""variance"": 1.7, ""label"": 0, ""scores"": [1, 4, 3, 4, 4]}",4-1-6259
1,43,True,True,True,False,False,69156__43__65196.jpg,project,"{""R"": 3, ""L"": 2, ""M"": 2, ""P"": 3, ""H"": 3}","{""a"": 3, ""m"": 4, ""t"": 4, ""p"": 4, ""r"": 4}","{""score"": 0, ""raw_mean"": 3, ""mean_all"": 2.6, ""variance"": 0.3, ""label"": 0, ""scores"": [3, 2, 2, 3, 3]}","{""score"": 4.333, ""raw_mean"": 3.8, ""mean"": 3.8, ""variance"": 0.2, ""label"": 0, ""scores"": [3, 4, 4, 4, 4]}",4-1-43
1,1244,True,True,True,False,False,95795__1244__59759.jpg,project,"{""R"": 1, ""L"": 2, ""M"": 3, ""P"": 3, ""H"": 2}","{""a"": 3, ""m"": 3, ""t"": 3, ""p"": 4, ""r"": 4}","{""score"": 0, ""raw_mean"": 2.6666666666666665, ""mean_all"": 2.2, ""variance"": 0.7, ""label"": 0, ""scores"": [1, 2, 3, 3, 2]}","{""score"": 4.333, ""raw_mean"": 3.4, ""mean"": 3.4, ""variance"": 0.3, ""label"": 0, ""scores"": [3, 3, 3, 4, 4]}",4-1-1244
1,4009,True,True,False,False,False,35946__4009__64953.jpg,project,"{""R"": 2, ""L"": 2, ""M"": 3, ""P"": 1, ""H"": 2}","{""a"": 3, ""m"": 4, ""t"": 3, ""p"": 3, ""r"": 4}","{""score"": 0, ""raw_mean"": 2.3333333333333335, ""mean_all"": 2, ""variance"": 0.5, ""label"": 0, ""scores"": [2, 2, 3, 1, 2]}","{""score"": 4.333, ""raw_mean"": 3.4, ""mean"": 3.4, ""variance"": 0.3, ""label"": 0, ""scores"": [3, 4, 3, 3, 4]}",4-1-4009
2,1550,True,True,False,False,False,57556__1550__65575.jpg,project,"{""R"": 2, ""L"": 2, ""M"": 2, ""P"": 3, ""H"": 2}","{""a"": 3, ""m"": 3, ""t"": 3, ""p"": 4, ""r"": 4}","{""score"": 0, ""raw_mean"": 2.3333333333333335, ""mean_all"": 2.2, ""variance"": 0.2, ""label"": 0, ""scores"": [2, 2, 2, 3, 2]}","{""score"": 4.333, ""raw_mean"": 3.4, ""mean"": 3.4, ""variance"": 0.3, ""label"": 0, ""scores"": [3, 3, 3, 4, 4]}",4-2-1550
1,1012,True,True,False,False,False,58695__1012__59685.jpg,project,"{""R"": 1, ""L"": 3, ""M"": 1, ""P"": 2, ""H"": 2}","{""a"": 4, ""m"": 3, ""t"": 3, ""p"": 3, ""r"": 4}","{""score"": 0, ""raw_mean"": 2.3333333333333335, ""mean_all"": 1.8, ""variance"": 0.7, ""label"": 0, ""scores"": [1, 3, 1, 2, 2]}","{""score"": 4.333, ""raw_mean"": 3.4, ""mean"": 3.4, ""variance"": 0.3, ""label"": 0, ""scores"": [4, 3, 3, 3, 4]}",4-1-1012
1,2667,True,True,False,False,False,06465__2667__56460.jpg,project,"{""R"": 2, ""L"": 1, ""M"": 3, ""P"": 2, ""H"": 2}","{""a"": 4, ""m"": 3, ""t"": 3, ""p"": 3, ""r"": 4}","{""score"": 0, ""raw_mean"": 2.3333333333333335, ""mean_all"": 2, ""variance"": 0.5, ""label"": 0, ""scores"": [2, 1, 3, 2, 2]}","{""score"": 4.333, ""raw_mean"": 3.4, ""mean"": 3.4, ""variance"": 0.3, ""label"": 0, ""scores"": [4, 3, 3, 3, 4]}",4-1-2667
1,5737,False,False,False,False,False,16435__5737__53461.jpg,project,"{""R"": 0, ""L"": 0, ""M"": 0, ""P"": 0, ""H"": 0}","{""a"": 3, ""m"": 0, ""t"": 3, ""p"": 4, ""r"": 4}","{""score"": 0, ""raw_mean"": 0, ""mean_all"": 0, ""variance"": 0, ""label"": 0, ""scores"": [0, 0, 0, 0, 0]}","{""score"": 4.333, ""raw_mean"": 2.8, ""mean"": 2.8, ""variance"": 2.7, ""label"": 0, ""scores"": [3, 0, 3, 4, 4]}",4-1-5737
1,3533,True,True,False,False,False,68806__3533__60886.jpg,project,"{""R"": 1, ""L"": 2, ""M"": 1, ""P"": 2, ""H"": 2}","{""a"": 4, ""m"": 4, ""t"": 3, ""p"": 3, ""r"": 3}","{""score"": 0, ""raw_mean"": 2, ""mean_all"": 1.6, ""variance"": 0.3, ""label"": 0, ""scores"": [1, 2, 1, 2, 2]}","{""score"": 4.333, ""raw_mean"": 3.4, ""mean"": 3.4, ""variance"": 0.3, ""label"": 0, ""scores"": [4, 4, 3, 3, 3]}",4-1-3533
2,3572,True,True,False,False,False,93675__3572__57639.jpg,project,"{""R"": 2, ""L"": 1, ""M"": 3, ""P"": 1, ""H"": 2}","{""a"": 3, ""m"": 3, ""t"": 4, ""p"": 3, ""r"": 4}","{""score"": 0, ""raw_mean"": 2.3333333333333335, ""mean_all"": 1.8, ""variance"": 0.7, ""label"": 0, ""scores"": [2, 1, 3, 1, 2]}","{""score"": 4.333, ""raw_mean"": 3.4, ""mean"": 3.4, ""variance"": 0.3, ""label"": 0, ""scores"": [3, 3, 4, 3, 4]}",4-2-3572
1,1315,True,True,False,False,False,51656__1315__65615.jpg,project,"{""R"": 2, ""L"": 2, ""M"": 1, ""P"": 2, ""H"": 2}","{""a"": 4, ""m"": 3, ""t"": 3, ""p"": 4, ""r"": 4}","{""score"": 0, ""raw_mean"": 2, ""mean_all"": 1.8, ""variance"": 0.2, ""label"": 0, ""scores"": [2, 2, 1, 2, 2]}","{""score"": 4.333, ""raw_mean"": 3.6, ""mean"": 3.6, ""variance"": 0.3, ""label"": 0, ""scores"": [4, 3, 3, 4, 4]}",4-1-1315
2,251,True,True,True,True,False,31616__251__61613.jpg,project,"{""R"": 2, ""L"": 5, ""M"": 2, ""P"": 3, ""H"": 4}","{""a"": 4, ""m"": 4, ""t"": 3, ""p"": 4, ""r"": 4}","{""score"": 2, ""raw_mean"": 4, ""mean_all"": 3.2, ""variance"": 1.7, ""label"": 0, ""scores"": [2, 5, 2, 3, 4]}","{""score"": 4.333, ""raw_mean"": 3.8, ""mean"": 3.8, ""variance"": 0.2, ""label"": 0, ""scores"": [4, 4, 3, 4, 4]}",4-2-251
1,251,True,True,True,True,False,50616__251__61605.jpg,project,"{""R"": 2, ""L"": 2, ""M"": 4, ""P"": 3, ""H"": 3}","{""a"": 4, ""m"": 4, ""t"": 3, ""p"": 4, ""r"": 3}","{""score"": 0, ""raw_mean"": 3.3333333333333335, ""mean_all"": 2.8, ""variance"": 0.7, ""label"": 0, ""scores"": [2, 2, 4, 3, 3]}","{""score"": 4.333, ""raw_mean"": 3.6, ""mean"": 3.6, ""variance"": 0.3, ""label"": 0, ""scores"": [4, 4, 3, 4, 3]}",4-1-251
1,1300,True,True,False,False,False,08675__1300__57680.jpg,project,"{""R"": 2, ""L"": 1, ""M"": 2, ""P"": 2, ""H"": 3}","{""a"": 4, ""m"": 4, ""t"": 3, ""p"": 3, ""r"": 4}","{""score"": 0, ""raw_mean"": 2.3333333333333335, ""mean_all"": 2, ""variance"": 0.5, ""label"": 0, ""scores"": [2, 1, 2, 2, 3]}","{""score"": 4.333, ""raw_mean"": 3.6, ""mean"": 3.6, ""variance"": 0.3, ""label"": 0, ""scores"": [4, 4, 3, 3, 4]}",4-1-1300
1,1403,True,True,False,False,False,27316__1403__61372.jpg,project,"{""R"": 2, ""L"": 2, ""M"": 1, ""P"": 1, ""H"": 3}","{""a"": 3, ""m"": 4, ""t"": 3, ""p"": 2, ""r"": 4}","{""score"": 0, ""raw_mean"": 2.3333333333333335, ""mean_all"": 1.8, ""variance"": 0.7, ""label"": 0, ""scores"": [2, 2, 1, 1, 3]}","{""score"": 4.333, ""raw_mean"": 3.2, ""mean"": 3.2, ""variance"": 0.7, ""label"": 0, ""scores"": [3, 4, 3, 2, 4]}",4-1-1403
1,3624,True,True,True,True,False,78366__3624__66387.jpg,project,"{""R"": 4, ""L"": 2, ""M"": 5, ""P"": 2, ""H"": 3}","{""a"": 3, ""m"": 4, ""t"": 4, ""p"": 4, ""r"": 3}","{""score"": 2, ""raw_mean"": 4, ""mean_all"": 3.2, ""variance"": 1.7, ""label"": 0, ""scores"": [4, 2, 5, 2, 3]}","{""score"": 4.333, ""raw_mean"": 3.6, ""mean"": 3.6, ""variance"": 0.3, ""label"": 0, ""scores"": [3, 4, 4, 4, 3]}",4-1-3624
1,3622,True,True,True,False,False,11755__3622__55711.jpg,project,"{""R"": 2, ""L"": 2, ""M"": 3, ""P"": 3, ""H"": 0}","{""a"": 4, ""m"": 4, ""t"": 2, ""p"": 3, ""r"": 3}","{""score"": 0, ""raw_mean"": 2.6666666666666665, ""mean_all"": 2, ""variance"": 1.5, ""label"": 0, ""scores"": [2, 2, 3, 3, 0]}","{""score"": 4.333, ""raw_mean"": 3.2, ""mean"": 3.2, ""variance"": 0.7, ""label"": 0, ""scores"": [4, 4, 2, 3, 3]}",4-1-3622
1,649,True,True,True,False,False,20075__649__57002.jpg,project,"{""R"": 2, ""L"": 3, ""M"": 3, ""P"": 2, ""H"": 3}","{""a"": 3, ""m"": 4, ""t"": 3, ""p"": 4, ""r"": 4}","{""score"": 0, ""raw_mean"": 3, ""mean_all"": 2.6, ""variance"": 0.3, ""label"": 0, ""scores"": [2, 3, 3, 2, 3]}","{""score"": 4.333, ""raw_mean"": 3.6, ""mean"": 3.6, ""variance"": 0.3, ""label"": 0, ""scores"": [3, 4, 3, 4, 4]}",4-1-649
1,95,True,True,True,True,False,83456__95__65438.jpg,project,"{""R"": 4, ""L"": 3, ""M"": 1, ""P"": 2, ""H"": 3}","{""a"": 3, ""m"": 3, ""t"": 3, ""p"": 4, ""r"": 4}","{""score"": 0, ""raw_mean"": 3.3333333333333335, ""mean_all"": 2.6, ""variance"": 1.3, ""label"": 0, ""scores"": [4, 3, 1, 2, 3]}","{""score"": 4.333, ""raw_mean"": 3.4, ""mean"": 3.4, ""variance"": 0.3, ""label"": 0, ""scores"": [3, 3, 3, 4, 4]}",4-1-95
2,1890,True,True,False,False,False,82506__1890__60528.jpg,project,"{""R"": 2, ""L"": 1, ""M"": 2, ""P"": 2, ""H"": 2}","{""a"": 3, ""m"": 4, ""t"": 3, ""p"": 3, ""r"": 4}","{""score"": 0, ""raw_mean"": 2, ""mean_all"": 1.8, ""variance"": 0.2, ""label"": 0, ""scores"": [2, 1, 2, 2, 2]}","{""score"": 4.333, ""raw_mean"": 3.4, ""mean"": 3.4, ""variance"": 0.3, ""label"": 0, ""scores"": [3, 4, 3, 3, 4]}",4-2-1890
2,2711,True,True,False,False,False,69656__2711__65696.jpg,project,"{""R"": 2, ""L"": 2, ""M"": 2, ""P"": 2, ""H"": 2}","{""a"": 3, ""m"": 3, ""t"": 4, ""p"": 4, ""r"": 4}","{""score"": 0, ""raw_mean"": 2, ""mean_all"": 2, ""variance"": 0, ""label"": 0, ""scores"": [2, 2, 2, 2, 2]}","{""score"": 4.333, ""raw_mean"": 3.6, ""mean"": 3.6, ""variance"": 0.3, ""label"": 0, ""scores"": [3, 3, 4, 4, 4]}",4-2-2711
1,1304,True,True,False,False,False,43516__1304__61534.jpg,project,"{""R"": 2, ""L"": 1, ""M"": 2, ""P"": 1, ""H"": 2}","{""a"": 4, ""m"": 4, ""t"": 3, ""p"": 3, ""r"": 4}","{""score"": 0, ""raw_mean"": 2, ""mean_all"": 1.6, ""variance"": 0.3, ""label"": 0, ""scores"": [2, 1, 2, 1, 2]}","{""score"": 4.333, ""raw_mean"": 3.6, ""mean"": 3.6, ""variance"": 0.3, ""label"": 0, ""scores"": [4, 4, 3, 3, 4]}",4-1-1304
1,244,True,True,False,False,False,80635__244__53608.jpg,project,"{""R"": 3, ""L"": 2, ""M"": 2, ""P"": 1, ""H"": 2}","{""a"": 3, ""m"": 4, ""t"": 3, ""p"": 4, ""r"": 3}","{""score"": 0, ""raw_mean"": 2.3333333333333335, ""mean_all"": 2, ""variance"": 0.5, ""label"": 0, ""scores"": [3, 2, 2, 1, 2]}","{""score"": 4.333, ""raw_mean"": 3.4, ""mean"": 3.4, ""variance"": 0.3, ""label"": 0, ""scores"": [3, 4, 3, 4, 3]}",4-1-244
1,5898,True,True,True,True,False,83555__5898__55538.jpg,project,"{""R"": 4, ""L"": 4, ""M"": 3, ""P"": 2, ""H"": 3}","{""a"": 4, ""m"": 3, ""t"": 4, ""p"": 4, ""r"": 3}","{""score"": 1, ""raw_mean"": 3.6666666666666665, ""mean_all"": 3.2, ""variance"": 0.7, ""label"": 0, ""scores"": [4, 4, 3, 2, 3]}","{""score"": 4.333, ""raw_mean"": 3.6, ""mean"": 3.6, ""variance"": 0.3, ""label"": 0, ""scores"": [4, 3, 4, 4, 3]}",4-1-5898
1,3559,True,True,True,True,False,92716__3559__61729.jpg,project,"{""R"": 1, ""L"": 4, ""M"": 3, ""P"": 1, ""H"": 3}","{""a"": 4, ""m"": 4, ""t"": 4, ""p"": 3, ""r"": 4}","{""score"": 0, ""raw_mean"": 3.3333333333333335, ""mean_all"": 2.4, ""variance"": 1.8, ""label"": 0, ""scores"": [1, 4, 3, 1, 3]}","{""score"": 4.333, ""raw_mean"": 3.8, ""mean"": 3.8, ""variance"": 0.2, ""label"": 0, ""scores"": [4, 4, 4, 3, 4]}",4-1-3559
1,1310,True,True,True,False,False,20846__1310__64802.jpg,project,"{""R"": 3, ""L"": 3, ""M"": 3, ""P"": 1, ""H"": 3}","{""a"": 4, ""m"": 3, ""t"": 3, ""p"": 4, ""r"": 4}","{""score"": 0, ""raw_mean"": 3, ""mean_all"": 2.6, ""variance"": 0.8, ""label"": 0, ""scores"": [3, 3, 3, 1, 3]}","{""score"": 4.333, ""raw_mean"": 3.6, ""mean"": 3.6, ""variance"": 0.3, ""label"": 0, ""scores"": [4, 3, 3, 4, 4]}",4-1-1310
1,5880,True,True,True,False,False,56055__5880__55065.jpg,project,"{""R"": 3, ""L"": 2, ""M"": 2, ""P"": 3, ""H"": 3}","{""a"": 3, ""m"": 4, ""t"": 3, ""p"": 4, ""r"": 3}","{""score"": 0, ""raw_mean"": 3, ""mean_all"": 2.6, ""variance"": 0.3, ""label"": 0, ""scores"": [3, 2, 2, 3, 3]}","{""score"": 4.333, ""raw_mean"": 3.4, ""mean"": 3.4, ""variance"": 0.3, ""label"": 0, ""scores"": [3, 4, 3, 4, 3]}",4-1-5880
1,661,True,True,True,False,False,60066__661__66006.jpg,project,"{""R"": 3, ""L"": 2, ""M"": 2, ""P"": 2, ""H"": 4}","{""a"": 3, ""m"": 3, ""t"": 3, ""p"": 4, ""r"": 4}","{""score"": 0, ""raw_mean"": 3, ""mean_all"": 2.6, ""variance"": 0.8, ""label"": 0, ""scores"": [3, 2, 2, 2, 4]}","{""score"": 4.333, ""raw_mean"": 3.4, ""mean"": 3.4, ""variance"": 0.3, ""label"": 0, ""scores"": [3, 3, 3, 4, 4]}",4-1-661
1,2443,True,True,True,True,False,70295__2443__59207.jpg,project,"{""R"": 4, ""L"": 3, ""M"": 3, ""P"": 2, ""H"": 3}","{""a"": 3, ""m"": 4, ""t"": 4, ""p"": 3, ""r"": 4}","{""score"": 0, ""raw_mean"": 3.3333333333333335, ""mean_all"": 3, ""variance"": 0.5, ""label"": 0, ""scores"": [4, 3, 3, 2, 3]}","{""score"": 4.333, ""raw_mean"": 3.6, ""mean"": 3.6, ""variance"": 0.3, ""label"": 0, ""scores"": [3, 4, 4, 3, 4]}",4-1-2443
1,97,True,True,True,False,False,42975__97__57924.jpg,project,"{""R"": 1, ""L"": 2, ""M"": 3, ""P"": 2, ""H"": 3}","{""a"": 4, ""m"": 4, ""t"": 3, ""p"": 3, ""r"": 3}","{""score"": 0, ""raw_mean"": 2.6666666666666665, ""mean_all"": 2.2, ""variance"": 0.7, ""label"": 0, ""scores"": [1, 2, 3, 2, 3]}","{""score"": 4.333, ""raw_mean"": 3.4, ""mean"": 3.4, ""variance"": 0.3, ""label"": 0, ""scores"": [4, 4, 3, 3, 3]}",4-1-97
1,670,True,True,True,False,False,52935__670__53925.jpg,project,"{""R"": 3, ""L"": 2, ""M"": 2, ""P"": 2, ""H"": 3}","{""a"": 4, ""m"": 4, ""t"": 3, ""p"": 3, ""r"": 4}","{""score"": 0, ""raw_mean"": 2.6666666666666665, ""mean_all"": 2.4, ""variance"": 0.3, ""label"": 0, ""scores"": [3, 2, 2, 2, 3]}","{""score"": 4.333, ""raw_mean"": 3.6, ""mean"": 3.6, ""variance"": 0.3, ""label"": 0, ""scores"": [4, 4, 3, 3, 4]}",4-1-670
1,4262,True,True,True,False,False,06575__4262__57560.jpg,project,"{""R"": 2, ""L"": 4, ""M"": 2, ""P"": 2, ""H"": 3}","{""a"": 3, ""m"": 4, ""t"": 3, ""p"": 4, ""r"": 4}","{""score"": 0, ""raw_mean"": 3, ""mean_all"": 2.6, ""variance"": 0.8, ""label"": 0, ""scores"": [2, 4, 2, 2, 3]}","{""score"": 4.333, ""raw_mean"": 3.6, ""mean"": 3.6, ""variance"": 0.3, ""label"": 0, ""scores"": [3, 4, 3, 4, 4]}",4-1-4262
1,1798,True,True,False,False,False,93246__1798__64239.jpg,project,"{""R"": 1, ""L"": 1, ""M"": 2, ""P"": 1, ""H"": 2}","{""a"": 4, ""m"": 3, ""t"": 3, ""p"": 3, ""r"": 4}","{""score"": 0, ""raw_mean"": 1.6666666666666667, ""mean_all"": 1.4, ""variance"": 0.3, ""label"": 0, ""scores"": [1, 1, 2, 1, 2]}","{""score"": 4.333, ""raw_mean"": 3.4, ""mean"": 3.4, ""variance"": 0.3, ""label"": 0, ""scores"": [4, 3, 3, 3, 4]}",4-1-1798
1,3756,True,True,True,True,False,18095__3756__59081.jpg,project,"{""R"": 3, ""L"": 4, ""M"": 4, ""P"": 2, ""H"": 4}","{""a"": 4, ""m"": 4, ""t"": 4, ""p"": 3, ""r"": 4}","{""score"": 1, ""raw_mean"": 4, ""mean_all"": 3.4, ""variance"": 0.8, ""label"": 0, ""scores"": [3, 4, 4, 2, 4]}","{""score"": 4.333, ""raw_mean"": 3.8, ""mean"": 3.8, ""variance"": 0.2, ""label"": 0, ""scores"": [4, 4, 4, 3, 4]}",4-1-3756
1,5933,True,True,True,True,False,72865__5933__56827.jpg,project,"{""R"": 1, ""L"": 5, ""M"": 2, ""P"": 2, ""H"": 3}","{""a"": 4, ""m"": 4, ""t"": 3, ""p"": 3, ""r"": 3}","{""score"": 2, ""raw_mean"": 3.3333333333333335, ""mean_all"": 2.6, ""variance"": 2.3, ""label"": 0, ""scores"": [1, 5, 2, 2, 3]}","{""score"": 4.333, ""raw_mean"": 3.4, ""mean"": 3.4, ""variance"": 0.3, ""label"": 0, ""scores"": [4, 4, 3, 3, 3]}",4-1-5933
1,5830,True,True,True,False,False,82245__5830__54228.jpg,project,"{""R"": 3, ""L"": 3, ""M"": 3, ""P"": 2, ""H"": 2}","{""a"": 4, ""m"": 3, ""t"": 4, ""p"": 4, ""r"": 4}","{""score"": 0, ""raw_mean"": 3, ""mean_all"": 2.6, ""variance"": 0.3, ""label"": 0, ""scores"": [3, 3, 3, 2, 2]}","{""score"": 4.333, ""raw_mean"": 3.8, ""mean"": 3.8, ""variance"": 0.2, ""label"": 0, ""scores"": [4, 3, 4, 4, 4]}",4-1-5830
1,4634,True,True,False,False,False,95065__4634__56059.jpg,project,"{""R"": 1, ""L"": 1, ""M"": 1, ""P"": 2, ""H"": 2}","{""a"": 4, ""m"": 3, ""t"": 3, ""p"": 3, ""r"": 4}","{""score"": 0, ""raw_mean"": 1.6666666666666667, ""mean_all"": 1.4, ""variance"": 0.3, ""label"": 0, ""scores"": [1, 1, 1, 2, 2]}","{""score"": 4.333, ""raw_mean"": 3.4, ""mean"": 3.4, ""variance"": 0.3, ""label"": 0, ""scores"": [4, 3, 3, 3, 4]}",4-1-4634
1,1443,True,True,False,False,False,30026__1443__62003.jpg,project,"{""R"": 1, ""L"": 1, ""M"": 2, ""P"": 3, ""H"": 1}","{""a"": 3, ""m"": 3, ""t"": 3, ""p"": 4, ""r"": 4}","{""score"": 0, ""raw_mean"": 2, ""mean_all"": 1.6, ""variance"": 0.8, ""label"": 0, ""scores"": [1, 1, 2, 3, 1]}","{""score"": 4.333, ""raw_mean"": 3.4, ""mean"": 3.4, ""variance"": 0.3, ""label"": 0, ""scores"": [3, 3, 3, 4, 4]}",4-1-1443
1,5896,True,True,True,True,False,50555__5896__55505.jpg,project,"{""R"": 3, ""L"": 3, ""M"": 1, ""P"": 2, ""H"": 4}","{""a"": 4, ""m"": 3, ""t"": 4, ""p"": 4, ""r"": 4}","{""score"": 0, ""raw_mean"": 3.3333333333333335, ""mean_all"": 2.6, ""variance"": 1.3, ""label"": 0, ""scores"": [3, 3, 1, 2, 4]}","{""score"": 4.333, ""raw_mean"": 3.8, ""mean"": 3.8, ""variance"": 0.2, ""label"": 0, ""scores"": [4, 3, 4, 4, 4]}",4-1-5896
1,559,True,True,True,True,False,13406__559__60431.jpg,project,"{""R"": 1, ""L"": 3, ""M"": 3, ""P"": 3, ""H"": 4}","{""a"": 4, ""m"": 4, ""t"": 3, ""p"": 4, ""r"": 4}","{""score"": 0, ""raw_mean"": 3.3333333333333335, ""mean_all"": 2.8, ""variance"": 1.2, ""label"": 0, ""scores"": [1, 3, 3, 3, 4]}","{""score"": 4.333, ""raw_mean"": 3.8, ""mean"": 3.8, ""variance"": 0.2, ""label"": 0, ""scores"": [4, 4, 3, 4, 4]}",4-1-559
1,1626,True,True,True,True,False,80265__1626__56208.jpg,project,"{""R"": 3, ""L"": 4, ""M"": 2, ""P"": 2, ""H"": 3}","{""a"": 4, ""m"": 3, ""t"": 3, ""p"": 3, ""r"": 4}","{""score"": 0, ""raw_mean"": 3.3333333333333335, ""mean_all"": 2.8, ""variance"": 0.7, ""label"": 0, ""scores"": [3, 4, 2, 2, 3]}","{""score"": 4.333, ""raw_mean"": 3.4, ""mean"": 3.4, ""variance"": 0.3, ""label"": 0, ""scores"": [4, 3, 3, 3, 4]}",4-1-1626
1,2947,True,True,False,False,False,76175__2947__57167.jpg,project,"{""R"": 2, ""L"": 3, ""M"": 2, ""P"": 2, ""H"": 2}","{""a"": 3, ""m"": 4, ""t"": 2, ""p"": 3, ""r"": 4}","{""score"": 0, ""raw_mean"": 2.3333333333333335, ""mean_all"": 2.2, ""variance"": 0.2, ""label"": 0, ""scores"": [2, 3, 2, 2, 2]}","{""score"": 4.333, ""raw_mean"": 3.2, ""mean"": 3.2, ""variance"": 0.7, ""label"": 0, ""scores"": [3, 4, 2, 3, 4]}",4-1-2947
1,3903,True,True,True,True,False,71975__3903__57917.jpg,project,"{""R"": 3, ""L"": 5, ""M"": 3, ""P"": 3, ""H"": 3}","{""a"": 3, ""m"": 4, ""t"": 4, ""p"": 4, ""r"": 4}","{""score"": 2, ""raw_mean"": 3.6666666666666665, ""mean_all"": 3.4, ""variance"": 0.8, ""label"": 0, ""scores"": [3, 5, 3, 3, 3]}","{""score"": 4.333, ""raw_mean"": 3.8, ""mean"": 3.8, ""variance"": 0.2, ""label"": 0, ""scores"": [3, 4, 4, 4, 4]}",4-1-3903
1,302,True,True,True,False,False,18556__302__65581.jpg,project,"{""R"": 3, ""L"": 1, ""M"": 3, ""P"": 2, ""H"": 3}","{""a"": 4, ""m"": 4, ""t"": 3, ""p"": 3, ""r"": 4}","{""score"": 0, ""raw_mean"": 3, ""mean_all"": 2.4, ""variance"": 0.8, ""label"": 0, ""scores"": [3, 1, 3, 2, 3]}","{""score"": 4.333, ""raw_mean"": 3.6, ""mean"": 3.6, ""variance"": 0.3, ""label"": 0, ""scores"": [4, 4, 3, 3, 4]}",4-1-302
1,539,True,True,True,True,True,62926__539__62926.jpg,project,"{""R"": 5, ""L"": 3, ""M"": 5, ""P"": 3, ""H"": 3}","{""a"": 3, ""m"": 4, ""t"": 3, ""p"": 4, ""r"": 4}","{""score"": 3, ""raw_mean"": 4.333333333333333, ""mean_all"": 3.8, ""variance"": 1.2, ""label"": 0, ""scores"": [5, 3, 5, 3, 3]}","{""score"": 4.333, ""raw_mean"": 3.6, ""mean"": 3.6, ""variance"": 0.3, ""label"": 0, ""scores"": [3, 4, 3, 4, 4]}",4-1-539
1,5995,True,True,True,True,False,11285__5995__58211.jpg,project,"{""R"": 0, ""L"": 2, ""M"": 1, ""P"": 3, ""H"": 5}","{""a"": 3, ""m"": 4, ""t"": 3, ""p"": 4, ""r"": 4}","{""score"": 2, ""raw_mean"": 3.3333333333333335, ""mean_all"": 2.2, ""variance"": 3.7, ""label"": 0, ""scores"": [0, 2, 1, 3, 5]}","{""score"": 4.333, ""raw_mean"": 3.6, ""mean"": 3.6, ""variance"": 0.3, ""label"": 0, ""scores"": [3, 4, 3, 4, 4]}",4-1-5995
1,6171,True,True,True,True,False,53036__6171__63035.jpg,project,"{""R"": 2, ""L"": 4, ""M"": 3, ""P"": 2, ""H"": 3}","{""a"": 3, ""m"": 4, ""t"": 4, ""p"": 3, ""r"": 2}","{""score"": 0, ""raw_mean"": 3.3333333333333335, ""mean_all"": 2.8, ""variance"": 0.7, ""label"": 0, ""scores"": [2, 4, 3, 2, 3]}","{""score"": 4.333, ""raw_mean"": 3.2, ""mean"": 3.2, ""variance"": 0.7, ""label"": 0, ""scores"": [3, 4, 4, 3, 2]}",4-1-6171
1,1177,True,True,False,False,False,47485__1177__58474.jpg,project,"{""R"": 1, ""L"": 2, ""M"": 2, ""P"": 2, ""H"": 3}","{""a"": 4, ""m"": 4, ""t"": 4, ""p"": 3, ""r"": 4}","{""score"": 0, ""raw_mean"": 2.3333333333333335, ""mean_all"": 2, ""variance"": 0.5, ""label"": 0, ""scores"": [1, 2, 2, 2, 3]}","{""score"": 4.333, ""raw_mean"": 3.8, ""mean"": 3.8, ""variance"": 0.2, ""label"": 0, ""scores"": [4, 4, 4, 3, 4]}",4-1-1177
1,6024,True,True,True,False,False,55426__6024__62455.jpg,project,"{""R"": 3, ""L"": 3, ""M"": 3, ""P"": 2, ""H"": 2}","{""a"": 4, ""m"": 4, ""t"": 3, ""p"": 3, ""r"": 3}","{""score"": 0, ""raw_mean"": 3, ""mean_all"": 2.6, ""variance"": 0.3, ""label"": 0, ""scores"": [3, 3, 3, 2, 2]}","{""score"": 4.333, ""raw_mean"": 3.4, ""mean"": 3.4, ""variance"": 0.3, ""label"": 0, ""scores"": [4, 4, 3, 3, 3]}",4-1-6024
2,1755,True,False,False,False,False,55226__1755__62255.jpg,project,"{""R"": 0, ""L"": 0, ""M"": 0, ""P"": 0, ""H"": 0}","{""a"": 3, ""m"": 3, ""t"": 4, ""p"": 3, ""r"": 3}","{""score"": 0, ""raw_mean"": 0, ""mean_all"": 0, ""variance"": 0, ""label"": 0, ""scores"": [0, 0, 0, 0, 0]}","{""score"": 4.0, ""raw_mean"": 3.2, ""mean"": 3.2, ""variance"": 0.2, ""label"": 0, ""scores"": [3, 3, 4, 3, 3]}",4-2-1755
1,1755,True,False,False,False,False,43226__1755__62234.jpg,project,"{""R"": 0, ""L"": 0, ""M"": 0, ""P"": 0, ""H"": 0}","{""a"": 3, ""m"": 3, ""t"": 3, ""p"": 3, ""r"": 4}","{""score"": 0, ""raw_mean"": 0, ""mean_all"": 0, ""variance"": 0, ""label"": 0, ""scores"": [0, 0, 0, 0, 0]}","{""score"": 4.0, ""raw_mean"": 3.2, ""mean"": 3.2, ""variance"": 0.2, ""label"": 0, ""scores"": [3, 3, 3, 3, 4]}",4-1-1755
1,3927,True,False,False,False,False,25085__3927__58052.jpg,project,"{""R"": 0, ""L"": 0, ""M"": 0, ""P"": 0, ""H"": 0}","{""a"": 3, ""m"": 2, ""t"": 3, ""p"": 2, ""r"": 4}","{""score"": 0, ""raw_mean"": 0, ""mean_all"": 0, ""variance"": 0, ""label"": 0, ""scores"": [0, 0, 0, 0, 0]}","{""score"": 4.0, ""raw_mean"": 2.8, ""mean"": 2.8, ""variance"": 0.7, ""label"": 0, ""scores"": [3, 2, 3, 2, 4]}",4-1-3927
1,6139,True,False,False,False,False,52626__6139__62625.jpg,project,"{""R"": 0, ""L"": 0, ""M"": 0, ""P"": 0, ""H"": 0}","{""a"": 3, ""m"": 3, ""t"": 3, ""p"": 3, ""r"": 4}","{""score"": 0, ""raw_mean"": 0, ""mean_all"": 0, ""variance"": 0, ""label"": 0, ""scores"": [0, 0, 0, 0, 0]}","{""score"": 4.0, ""raw_mean"": 3.2, ""mean"": 3.2, ""variance"": 0.2, ""label"": 0, ""scores"": [3, 3, 3, 3, 4]}",4-1-6139
1,1539,True,False,False,False,False,71146__1539__64117.jpg,project,"{""R"": 0, ""L"": 0, ""M"": 0, ""P"": 0, ""H"": 0}","{""a"": 2, ""m"": 3, ""t"": 3, ""p"": 3, ""r"": 4}","{""score"": 0, ""raw_mean"": 0, ""mean_all"": 0, ""variance"": 0, ""label"": 0, ""scores"": [0, 0, 0, 0, 0]}","{""score"": 4.0, ""raw_mean"": 3, ""mean"": 3, ""variance"": 0.5, ""label"": 0, ""scores"": [2, 3, 3, 3, 4]}",4-1-1539
1,4469,True,False,False,False,False,32595__4469__59523.jpg,project,"{""R"": 0, ""L"": 0, ""M"": 0, ""P"": 0, ""H"": 0}","{""a"": 3, ""m"": 3, ""t"": 3, ""p"": 3, ""r"": 4}","{""score"": 0, ""raw_mean"": 0, ""mean_all"": 0, ""variance"": 0, ""label"": 0, ""scores"": [0, 0, 0, 0, 0]}","{""score"": 4.0, ""raw_mean"": 3.2, ""mean"": 3.2, ""variance"": 0.2, ""label"": 0, ""scores"": [3, 3, 3, 3, 4]}",4-1-4469
1,5793,True,False,False,False,False,28416__5793__61482.jpg,project,"{""R"": 0, ""L"": 0, ""M"": 0, ""P"": 0, ""H"": 0}","{""a"": 1, ""m"": 3, ""t"": 3, ""p"": 0, ""r"": 4}","{""score"": 0, ""raw_mean"": 0, ""mean_all"": 0, ""variance"": 0, ""label"": 0, ""scores"": [0, 0, 0, 0, 0]}","{""score"": 4.0, ""raw_mean"": 2.2, ""mean"": 2.2, ""variance"": 2.7, ""label"": 0, ""scores"": [1, 3, 3, 0, 4]}",4-1-5793
1,312,True,False,False,False,False,59375__312__57395.jpg,project,"{""R"": 0, ""L"": 0, ""M"": 0, ""P"": 0, ""H"": 0}","{""a"": 3, ""m"": 3, ""t"": 2, ""p"": 3, ""r"": 4}","{""score"": 0, ""raw_mean"": 0, ""mean_all"": 0, ""variance"": 0, ""label"": 0, ""scores"": [0, 0, 0, 0, 0]}","{""score"": 4.0, ""raw_mean"": 3, ""mean"": 3, ""variance"": 0.5, ""label"": 0, ""scores"": [3, 3, 2, 3, 4]}",4-1-312
1,2652,True,False,False,False,False,82065__2652__56028.jpg,project,"{""R"": 0, ""L"": 0, ""M"": 0, ""P"": 0, ""H"": 0}","{""a"": 3, ""m"": 3, ""t"": 2, ""p"": 2, ""r"": 4}","{""score"": 0, ""raw_mean"": 0, ""mean_all"": 0, ""variance"": 0, ""label"": 0, ""scores"": [0, 0, 0, 0, 0]}","{""score"": 4.0, ""raw_mean"": 2.8, ""mean"": 2.8, ""variance"": 0.7, ""label"": 0, ""scores"": [3, 3, 2, 2, 4]}",4-1-2652
1,3595,True,False,False,False,False,88475__3595__57488.jpg,project,"{""R"": 0, ""L"": 0, ""M"": 0, ""P"": 0, ""H"": 0}","{""a"": 3, ""m"": 2, ""t"": 2, ""p"": 3, ""r"": 4}","{""score"": 0, ""raw_mean"": 0, ""mean_all"": 0, ""variance"": 0, ""label"": 0, ""scores"": [0, 0, 0, 0, 0]}","{""score"": 4.0, ""raw_mean"": 2.8, ""mean"": 2.8, ""variance"": 0.7, ""label"": 0, ""scores"": [3, 2, 2, 3, 4]}",4-1-3595
2,181,True,False,False,False,False,91746__181__64719.jpg,project,"{""R"": 0, ""L"": 0, ""M"": 0, ""P"": 0, ""H"": 0}","{""a"": 3, ""m"": 3, ""t"": 3, ""p"": 3, ""r"": 4}","{""score"": 0, ""raw_mean"": 0, ""mean_all"": 0, ""variance"": 0, ""label"": 0, ""scores"": [0, 0, 0, 0, 0]}","{""score"": 4.0, ""raw_mean"": 3.2, ""mean"": 3.2, ""variance"": 0.2, ""label"": 0, ""scores"": [3, 3, 3, 3, 4]}",4-2-181
1,1360,True,False,False,False,False,57965__1360__56975.jpg,project,"{""R"": 0, ""L"": 0, ""M"": 0, ""P"": 0, ""H"": 0}","{""a"": 3, ""m"": 2, ""t"": 3, ""p"": 3, ""r"": 4}","{""score"": 0, ""raw_mean"": 0, ""mean_all"": 0, ""variance"": 0, ""label"": 0, ""scores"": [0, 0, 0, 0, 0]}","{""score"": 4.0, ""raw_mean"": 3, ""mean"": 3, ""variance"": 0.5, ""label"": 0, ""scores"": [3, 2, 3, 3, 4]}",4-1-1360
1,4351,True,False,False,False,False,29836__4351__63892.jpg,project,"{""R"": 0, ""L"": 0, ""M"": 0, ""P"": 0, ""H"": 0}","{""a"": 3, ""m"": 3, ""t"": 2, ""p"": 3, ""r"": 4}","{""score"": 0, ""raw_mean"": 0, ""mean_all"": 0, ""variance"": 0, ""label"": 0, ""scores"": [0, 0, 0, 0, 0]}","{""score"": 4.0, ""raw_mean"": 3, ""mean"": 3, ""variance"": 0.5, ""label"": 0, ""scores"": [3, 3, 2, 3, 4]}",4-1-4351
1,4558,True,False,False,False,False,22956__4558__65922.jpg,project,"{""R"": 0, ""L"": 0, ""M"": 0, ""P"": 0, ""H"": 0}","{""a"": 3, ""m"": 3, ""t"": 3, ""p"": 3, ""r"": 4}","{""score"": 0, ""raw_mean"": 0, ""mean_all"": 0, ""variance"": 0, ""label"": 0, ""scores"": [0, 0, 0, 0, 0]}","{""score"": 4.0, ""raw_mean"": 3.2, ""mean"": 3.2, ""variance"": 0.2, ""label"": 0, ""scores"": [3, 3, 3, 3, 4]}",4-1-4558
1,1550,True,False,False,False,False,03556__1550__65530.jpg,project,"{""R"": 0, ""L"": 0, ""M"": 0, ""P"": 0, ""H"": 0}","{""a"": 2, ""m"": 2, ""t"": 2, ""p"": 3, ""r"": 4}","{""score"": 0, ""raw_mean"": 0, ""mean_all"": 0, ""variance"": 0, ""label"": 0, ""scores"": [0, 0, 0, 0, 0]}","{""score"": 4.0, ""raw_mean"": 2.6, ""mean"": 2.6, ""variance"": 0.8, ""label"": 0, ""scores"": [2, 2, 2, 3, 4]}",4-1-1550
1,3263,True,False,False,False,False,35506__3263__60553.jpg,project,"{""R"": 0, ""L"": 0, ""M"": 0, ""P"": 0, ""H"": 0}","{""a"": 3, ""m"": 3, ""t"": 2, ""p"": 3, ""r"": 4}","{""score"": 0, ""raw_mean"": 0, ""mean_all"": 0, ""variance"": 0, ""label"": 0, ""scores"": [0, 0, 0, 0, 0]}","{""score"": 4.0, ""raw_mean"": 3, ""mean"": 3, ""variance"": 0.5, ""label"": 0, ""scores"": [3, 3, 2, 3, 4]}",4-1-3263
1,5734,True,False,False,False,False,45135__5734__53154.jpg,project,"{""R"": 0, ""L"": 0, ""M"": 0, ""P"": 0, ""H"": 0}","{""a"": 3, ""m"": 2, ""t"": 3, ""p"": 4, ""r"": 3}","{""score"": 0, ""raw_mean"": 0, ""mean_all"": 0, ""variance"": 0, ""label"": 0, ""scores"": [0, 0, 0, 0, 0]}","{""score"": 4.0, ""raw_mean"": 3, ""mean"": 3, ""variance"": 0.5, ""label"": 0, ""scores"": [3, 2, 3, 4, 3]}",4-1-5734
1,1081,True,False,False,False,False,01646__1081__64610.jpg,project,"{""R"": 0, ""L"": 0, ""M"": 0, ""P"": 0, ""H"": 0}","{""a"": 4, ""m"": 3, ""t"": 2, ""p"": 3, ""r"": 3}","{""score"": 0, ""raw_mean"": 0, ""mean_all"": 0, ""variance"": 0, ""label"": 0, ""scores"": [0, 0, 0, 0, 0]}","{""score"": 4.0, ""raw_mean"": 3, ""mean"": 3, ""variance"": 0.5, ""label"": 0, ""scores"": [4, 3, 2, 3, 3]}",4-1-1081
1,4046,True,False,False,False,False,68516__4046__61586.jpg,project,"{""R"": 0, ""L"": 0, ""M"": 0, ""P"": 0, ""H"": 0}","{""a"": 2, ""m"": 2, ""t"": 2, ""p"": 2, ""r"": 4}","{""score"": 0, ""raw_mean"": 0, ""mean_all"": 0, ""variance"": 0, ""label"": 0, ""scores"": [0, 0, 0, 0, 0]}","{""score"": 4.0, ""raw_mean"": 2.4, ""mean"": 2.4, ""variance"": 0.8, ""label"": 0, ""scores"": [2, 2, 2, 2, 4]}",4-1-4046
2,1115,True,False,False,False,False,46606__1115__60664.jpg,project,"{""R"": 0, ""L"": 0, ""M"": 0, ""P"": 0, ""H"": 0}","{""a"": 2, ""m"": 2, ""t"": 3, ""p"": 3, ""r"": 4}","{""score"": 0, ""raw_mean"": 0, ""mean_all"": 0, ""variance"": 0, ""label"": 0, ""scores"": [0, 0, 0, 0, 0]}","{""score"": 4.0, ""raw_mean"": 2.8, ""mean"": 2.8, ""variance"": 0.7, ""label"": 0, ""scores"": [2, 2, 3, 3, 4]}",4-2-1115
1,61,True,False,False,False,False,18685__61__58681.jpg,project,"{""R"": 0, ""L"": 0, ""M"": 0, ""P"": 0, ""H"": 0}","{""a"": 3, ""m"": 3, ""t"": 3, ""p"": 2, ""r"": 4}","{""score"": 0, ""raw_mean"": 0, ""mean_all"": 0, ""variance"": 0, ""label"": 0, ""scores"": [0, 0, 0, 0, 0]}","{""score"": 4.0, ""raw_mean"": 3, ""mean"": 3, ""variance"": 0.5, ""label"": 0, ""scores"": [3, 3, 3, 2, 4]}",4-1-61
1,3572,True,False,False,False,False,23906__3572__60932.jpg,project,"{""R"": 0, ""L"": 0, ""M"": 0, ""P"": 0, ""H"": 0}","{""a"": 3, ""m"": 3, ""t"": 3, ""p"": 3, ""r"": 4}","{""score"": 0, ""raw_mean"": 0, ""mean_all"": 0, ""variance"": 0, ""label"": 0, ""scores"": [0, 0, 0, 0, 0]}","{""score"": 4.0, ""raw_mean"": 3.2, ""mean"": 3.2, ""variance"": 0.2, ""label"": 0, ""scores"": [3, 3, 3, 3, 4]}",4-1-3572
1,4463,True,False,False,False,False,01695__4463__59610.jpg,project,"{""R"": 0, ""L"": 0, ""M"": 0, ""P"": 0, ""H"": 0}","{""a"": 3, ""m"": 4, ""t"": 3, ""p"": 3, ""r"": 3}","{""score"": 0, ""raw_mean"": 0, ""mean_all"": 0, ""variance"": 0, ""label"": 0, ""scores"": [0, 0, 0, 0, 0]}","{""score"": 4.0, ""raw_mean"": 3.2, ""mean"": 3.2, ""variance"": 0.2, ""label"": 0, ""scores"": [3, 4, 3, 3, 3]}",4-1-4463
2,95,True,False,False,False,False,65456__95__65456.jpg,project,"{""R"": 0, ""L"": 0, ""M"": 0, ""P"": 0, ""H"": 0}","{""a"": 3, ""m"": 3, ""t"": 2, ""p"": 4, ""r"": 3}","{""score"": 0, ""raw_mean"": 0, ""mean_all"": 0, ""variance"": 0, ""label"": 0, ""scores"": [0, 0, 0, 0, 0]}","{""score"": 4.0, ""raw_mean"": 3, ""mean"": 3, ""variance"": 0.5, ""label"": 0, ""scores"": [3, 3, 2, 4, 3]}",4-2-95
1,4527,True,False,False,False,False,60326__4527__62306.jpg,project,"{""R"": 0, ""L"": 0, ""M"": 0, ""P"": 0, ""H"": 0}","{""a"": 4, ""m"": 3, ""t"": 3, ""p"": 3, ""r"": 3}","{""score"": 0, ""raw_mean"": 0, ""mean_all"": 0, ""variance"": 0, ""label"": 0, ""scores"": [0, 0, 0, 0, 0]}","{""score"": 4.0, ""raw_mean"": 3.2, ""mean"": 3.2, ""variance"": 0.2, ""label"": 0, ""scores"": [4, 3, 3, 3, 3]}",4-1-4527
1,2711,True,False,False,False,False,88656__2711__65688.jpg,project,"{""R"": 0, ""L"": 0, ""M"": 0, ""P"": 0, ""H"": 0}","{""a"": 2, ""m"": 3, ""t"": 2, ""p"": 3, ""r"": 4}","{""score"": 0, ""raw_mean"": 0, ""mean_all"": 0, ""variance"": 0, ""label"": 0, ""scores"": [0, 0, 0, 0, 0]}","{""score"": 4.0, ""raw_mean"": 2.8, ""mean"": 2.8, ""variance"": 0.7, ""label"": 0, ""scores"": [2, 3, 2, 3, 4]}",4-1-2711
1,5754,True,False,False,False,False,15335__5754__53351.jpg,project,"{""R"": 0, ""L"": 0, ""M"": 0, ""P"": 0, ""H"": 0}","{""a"": 3, ""m"": 3, ""t"": 3, ""p"": 3, ""r"": 4}","{""score"": 0, ""raw_mean"": 0, ""mean_all"": 0, ""variance"": 0, ""label"": 0, ""scores"": [0, 0, 0, 0, 0]}","{""score"": 4.0, ""raw_mean"": 3.2, ""mean"": 3.2, ""variance"": 0.2, ""label"": 0, ""scores"": [3, 3, 3, 3, 4]}",4-1-5754
1,2722,True,False,False,False,False,08936__2722__63980.jpg,project,"{""R"": 0, ""L"": 0, ""M"": 0, ""P"": 0, ""H"": 0}","{""a"": 3, ""m"": 2, ""t"": 3, ""p"": 2, ""r"": 4}","{""score"": 0, ""raw_mean"": 0, ""mean_all"": 0, ""variance"": 0, ""label"": 0, ""scores"": [0, 0, 0, 0, 0]}","{""score"": 4.0, ""raw_mean"": 2.8, ""mean"": 2.8, ""variance"": 0.7, ""label"": 0, ""scores"": [3, 2, 3, 2, 4]}",4-1-2722
1,2725,True,False,False,False,False,70875__2725__57807.jpg,project,"{""R"": 0, ""L"": 0, ""M"": 0, ""P"": 0, ""H"": 0}","{""a"": 3, ""m"": 2, ""t"": 3, ""p"": 3, ""r"": 4}","{""score"": 0, ""raw_mean"": 0, ""mean_all"": 0, ""variance"": 0, ""label"": 0, ""scores"": [0, 0, 0, 0, 0]}","{""score"": 4.0, ""raw_mean"": 3, ""mean"": 3, ""variance"": 0.5, ""label"": 0, ""scores"": [3, 2, 3, 3, 4]}",4-1-2725
1,5876,True,False,False,False,False,85855__5876__55858.jpg,project,"{""R"": 0, ""L"": 0, ""M"": 0, ""P"": 0, ""H"": 0}","{""a"": 3, ""m"": 3, ""t"": 3, ""p"": 2, ""r"": 4}","{""score"": 0, ""raw_mean"": 0, ""mean_all"": 0, ""variance"": 0, ""label"": 0, ""scores"": [0, 0, 0, 0, 0]}","{""score"": 4.0, ""raw_mean"": 3, ""mean"": 3, ""variance"": 0.5, ""label"": 0, ""scores"": [3, 3, 3, 2, 4]}",4-1-5876
1,3531,True,False,False,False,False,95635__3531__53659.jpg,project,"{""R"": 0, ""L"": 0, ""M"": 0, ""P"": 0, ""H"": 0}","{""a"": 3, ""m"": 2, ""t"": 3, ""p"": 3, ""r"": 4}","{""score"": 0, ""raw_mean"": 0, ""mean_all"": 0, ""variance"": 0, ""label"": 0, ""scores"": [0, 0, 0, 0, 0]}","{""score"": 4.0, ""raw_mean"": 3, ""mean"": 3, ""variance"": 0.5, ""label"": 0, ""scores"": [3, 2, 3, 3, 4]}",4-1-3531
1,5919,True,False,False,False,False,72855__5919__55827.jpg,project,"{""R"": 0, ""L"": 0, ""M"": 0, ""P"": 0, ""H"": 0}","{""a"": 3, ""m"": 3, ""t"": 4, ""p"": 3, ""r"": 3}","{""score"": 0, ""raw_mean"": 0, ""mean_all"": 0, ""variance"": 0, ""label"": 0, ""scores"": [0, 0, 0, 0, 0]}","{""score"": 4.0, ""raw_mean"": 3.2, ""mean"": 3.2, ""variance"": 0.2, ""label"": 0, ""scores"": [3, 3, 4, 3, 3]}",4-1-5919
2,3891,True,False,False,False,False,31395__3891__59313.jpg,project,"{""R"": 0, ""L"": 0, ""M"": 0, ""P"": 0, ""H"": 0}","{""a"": 3, ""m"": 3, ""t"": 3, ""p"": 3, ""r"": 4}","{""score"": 0, ""raw_mean"": 0, ""mean_all"": 0, ""variance"": 0, ""label"": 0, ""scores"": [0, 0, 0, 0, 0]}","{""score"": 4.0, ""raw_mean"": 3.2, ""mean"": 3.2, ""variance"": 0.2, ""label"": 0, ""scores"": [3, 3, 3, 3, 4]}",4-2-3891
2,4320,True,False,False,False,False,16946__4320__64961.jpg,project,"{""R"": 0, ""L"": 0, ""M"": 0, ""P"": 0, ""H"": 0}","{""a"": 3, ""m"": 3, ""t"": 3, ""p"": 4, ""r"": 3}","{""score"": 0, ""raw_mean"": 0, ""mean_all"": 0, ""variance"": 0, ""label"": 0, ""scores"": [0, 0, 0, 0, 0]}","{""score"": 4.0, ""raw_mean"": 3.2, ""mean"": 3.2, ""variance"": 0.2, ""label"": 0, ""scores"": [3, 3, 3, 4, 3]}",4-2-4320
1,4306,True,False,False,False,False,39946__4306__64993.jpg,project,"{""R"": 0, ""L"": 0, ""M"": 0, ""P"": 0, ""H"": 0}","{""a"": 4, ""m"": 3, ""t"": 3, ""p"": 3, ""r"": 3}","{""score"": 0, ""raw_mean"": 0, ""mean_all"": 0, ""variance"": 0, ""label"": 0, ""scores"": [0, 0, 0, 0, 0]}","{""score"": 4.0, ""raw_mean"": 3.2, ""mean"": 3.2, ""variance"": 0.2, ""label"": 0, ""scores"": [4, 3, 3, 3, 3]}",4-1-4306
1,4246,True,False,False,False,False,66916__4246__61966.jpg,project,"{""R"": 0, ""L"": 0, ""M"": 0, ""P"": 0, ""H"": 0}","{""a"": 3, ""m"": 3, ""t"": 2, ""p"": 4, ""r"": 3}","{""score"": 0, ""raw_mean"": 0, ""mean_all"": 0, ""variance"": 0, ""label"": 0, ""scores"": [0, 0, 0, 0, 0]}","{""score"": 4.0, ""raw_mean"": 3, ""mean"": 3, ""variance"": 0.5, ""label"": 0, ""scores"": [3, 3, 2, 4, 3]}",4-1-4246
1,1624,True,False,False,False,False,97745__1624__54779.jpg,project,"{""R"": 0, ""L"": 0, ""M"": 0, ""P"": 0, ""H"": 0}","{""a"": 3, ""m"": 3, ""t"": 3, ""p"": 3, ""r"": 4}","{""score"": 0, ""raw_mean"": 0, ""mean_all"": 0, ""variance"": 0, ""label"": 0, ""scores"": [0, 0, 0, 0, 0]}","{""score"": 4.0, ""raw_mean"": 3.2, ""mean"": 3.2, ""variance"": 0.2, ""label"": 0, ""scores"": [3, 3, 3, 3, 4]}",4-1-1624
1,3727,True,False,False,False,False,44306__3727__60344.jpg,project,"{""R"": 0, ""L"": 0, ""M"": 0, ""P"": 0, ""H"": 0}","{""a"": 3, ""m"": 3, ""t"": 3, ""p"": 3, ""r"": 4}","{""score"": 0, ""raw_mean"": 0, ""mean_all"": 0, ""variance"": 0, ""label"": 0, ""scores"": [0, 0, 0, 0, 0]}","{""score"": 4.0, ""raw_mean"": 3.2, ""mean"": 3.2, ""variance"": 0.2, ""label"": 0, ""scores"": [3, 3, 3, 3, 4]}",4-1-3727
1,637,True,False,False,False,False,77546__637__64577.jpg,project,"{""R"": 0, ""L"": 0, ""M"": 0, ""P"": 0, ""H"": 0}","{""a"": 2, ""m"": 3, ""t"": 2, ""p"": 3, ""r"": 4}","{""score"": 0, ""raw_mean"": 0, ""mean_all"": 0, ""variance"": 0, ""label"": 0, ""scores"": [0, 0, 0, 0, 0]}","{""score"": 4.0, ""raw_mean"": 2.8, ""mean"": 2.8, ""variance"": 0.7, ""label"": 0, ""scores"": [2, 3, 2, 3, 4]}",4-1-637
1,154,True,False,False,False,False,09995__154__59990.jpg,project,"{""R"": 0, ""L"": 0, ""M"": 0, ""P"": 0, ""H"": 0}","{""a"": 2, ""m"": 1, ""t"": 2, ""p"": 2, ""r"": 4}","{""score"": 0, ""raw_mean"": 0, ""mean_all"": 0, ""variance"": 0, ""label"": 0, ""scores"": [0, 0, 0, 0, 0]}","{""score"": 4.0, ""raw_mean"": 2.2, ""mean"": 2.2, ""variance"": 1.2, ""label"": 0, ""scores"": [2, 1, 2, 2, 4]}",4-1-154
1,4227,True,False,False,False,False,58146__4227__64185.jpg,project,"{""R"": 0, ""L"": 0, ""M"": 0, ""P"": 0, ""H"": 0}","{""a"": 3, ""m"": 3, ""t"": 4, ""p"": 3, ""r"": 3}","{""score"": 0, ""raw_mean"": 0, ""mean_all"": 0, ""variance"": 0, ""label"": 0, ""scores"": [0, 0, 0, 0, 0]}","{""score"": 4.0, ""raw_mean"": 3.2, ""mean"": 3.2, ""variance"": 0.2, ""label"": 0, ""scores"": [3, 3, 4, 3, 3]}",4-1-4227
2,4227,True,False,False,False,False,38146__4227__64183.jpg,project,"{""R"": 0, ""L"": 0, ""M"": 0, ""P"": 0, ""H"": 0}","{""a"": 3, ""m"": 2, ""t"": 3, ""p"": 3, ""r"": 4}","{""score"": 0, ""raw_mean"": 0, ""mean_all"": 0, ""variance"": 0, ""label"": 0, ""scores"": [0, 0, 0, 0, 0]}","{""score"": 4.0, ""raw_mean"": 3, ""mean"": 3, ""variance"": 0.5, ""label"": 0, ""scores"": [3, 2, 3, 3, 4]}",4-2-4227
2,4064,True,False,False,False,False,24375__4064__57342.jpg,project,"{""R"": 0, ""L"": 0, ""M"": 0, ""P"": 0, ""H"": 0}","{""a"": 3, ""m"": 2, ""t"": 3, ""p"": 3, ""r"": 4}","{""score"": 0, ""raw_mean"": 0, ""mean_all"": 0, ""variance"": 0, ""label"": 0, ""scores"": [0, 0, 0, 0, 0]}","{""score"": 4.0, ""raw_mean"": 3, ""mean"": 3, ""variance"": 0.5, ""label"": 0, ""scores"": [3, 2, 3, 3, 4]}",4-2-4064
1,4064,True,False,False,False,False,87175__4064__57178.jpg,project,"{""R"": 0, ""L"": 0, ""M"": 0, ""P"": 0, ""H"": 0}","{""a"": 3, ""m"": 3, ""t"": 2, ""p"": 3, ""r"": 4}","{""score"": 0, ""raw_mean"": 0, ""mean_all"": 0, ""variance"": 0, ""label"": 0, ""scores"": [0, 0, 0, 0, 0]}","{""score"": 4.0, ""raw_mean"": 3, ""mean"": 3, ""variance"": 0.5, ""label"": 0, ""scores"": [3, 3, 2, 3, 4]}",4-1-4064
1,5870,True,False,False,False,False,68945__5870__54986.jpg,project,"{""R"": 0, ""L"": 0, ""M"": 0, ""P"": 0, ""H"": 0}","{""a"": 3, ""m"": 3, ""t"": 2, ""p"": 3, ""r"": 4}","{""score"": 0, ""raw_mean"": 0, ""mean_all"": 0, ""variance"": 0, ""label"": 0, ""scores"": [0, 0, 0, 0, 0]}","{""score"": 4.0, ""raw_mean"": 3, ""mean"": 3, ""variance"": 0.5, ""label"": 0, ""scores"": [3, 3, 2, 3, 4]}",4-1-5870
1,6047,True,False,False,False,False,34895__6047__59843.jpg,project,"{""R"": 0, ""L"": 0, ""M"": 0, ""P"": 0, ""H"": 0}","{""a"": 3, ""m"": 4, ""t"": 2, ""p"": 2, ""r"": 3}","{""score"": 0, ""raw_mean"": 0, ""mean_all"": 0, ""variance"": 0, ""label"": 0, ""scores"": [0, 0, 0, 0, 0]}","{""score"": 4.0, ""raw_mean"": 2.8, ""mean"": 2.8, ""variance"": 0.7, ""label"": 0, ""scores"": [3, 4, 2, 2, 3]}",4-1-6047
1,3643,True,False,False,False,False,15616__3643__61651.jpg,project,"{""R"": 0, ""L"": 0, ""M"": 0, ""P"": 0, ""H"": 0}","{""a"": 3, ""m"": 3, ""t"": 3, ""p"": 2, ""r"": 4}","{""score"": 0, ""raw_mean"": 0, ""mean_all"": 0, ""variance"": 0, ""label"": 0, ""scores"": [0, 0, 0, 0, 0]}","{""score"": 4.0, ""raw_mean"": 3, ""mean"": 3, ""variance"": 0.5, ""label"": 0, ""scores"": [3, 3, 3, 2, 4]}",4-1-3643
1,6224,True,False,False,False,False,51746__6224__64715.jpg,project,"{""R"": 0, ""L"": 0, ""M"": 0, ""P"": 0, ""H"": 0}","{""a"": 3, ""m"": 4, ""t"": 3, ""p"": 3, ""r"": 3}","{""score"": 0, ""raw_mean"": 0, ""mean_all"": 0, ""variance"": 0, ""label"": 0, ""scores"": [0, 0, 0, 0, 0]}","{""score"": 4.0, ""raw_mean"": 3.2, ""mean"": 3.2, ""variance"": 0.2, ""label"": 0, ""scores"": [3, 4, 3, 3, 3]}",4-1-6224
1,232,True,False,False,False,False,45655__232__55654.jpg,project,"{""R"": 0, ""L"": 0, ""M"": 0, ""P"": 0, ""H"": 0}","{""a"": 3, ""m"": 3, ""t"": 3, ""p"": 3, ""r"": 4}","{""score"": 0, ""raw_mean"": 0, ""mean_all"": 0, ""variance"": 0, ""label"": 0, ""scores"": [0, 0, 0, 0, 0]}","{""score"": 4.0, ""raw_mean"": 3.2, ""mean"": 3.2, ""variance"": 0.2, ""label"": 0, ""scores"": [3, 3, 3, 3, 4]}",4-1-232
1,4629,True,False,False,False,False,38246__4629__64283.jpg,project,"{""R"": 0, ""L"": 0, ""M"": 0, ""P"": 0, ""H"": 0}","{""a"": 2, ""m"": 3, ""t"": 3, ""p"": 2, ""r"": 4}","{""score"": 0, ""raw_mean"": 0, ""mean_all"": 0, ""variance"": 0, ""label"": 0, ""scores"": [0, 0, 0, 0, 0]}","{""score"": 4.0, ""raw_mean"": 2.8, ""mean"": 2.8, ""variance"": 0.7, ""label"": 0, ""scores"": [2, 3, 3, 2, 4]}",4-1-4629
1,1504,True,False,False,False,False,52455__1504__55425.jpg,project,"{""R"": 0, ""L"": 0, ""M"": 0, ""P"": 0, ""H"": 0}","{""a"": 2, ""m"": 3, ""t"": 3, ""p"": 3, ""r"": 4}","{""score"": 0, ""raw_mean"": 0, ""mean_all"": 0, ""variance"": 0, ""label"": 0, ""scores"": [0, 0, 0, 0, 0]}","{""score"": 4.0, ""raw_mean"": 3, ""mean"": 3, ""variance"": 0.5, ""label"": 0, ""scores"": [2, 3, 3, 3, 4]}",4-1-1504
1,2932,True,False,False,False,False,82326__2932__62328.jpg,project,"{""R"": 0, ""L"": 0, ""M"": 0, ""P"": 0, ""H"": 0}","{""a"": 3, ""m"": 3, ""t"": 3, ""p"": 2, ""r"": 4}","{""score"": 0, ""raw_mean"": 0, ""mean_all"": 0, ""variance"": 0, ""label"": 0, ""scores"": [0, 0, 0, 0, 0]}","{""score"": 4.0, ""raw_mean"": 3, ""mean"": 3, ""variance"": 0.5, ""label"": 0, ""scores"": [3, 3, 3, 2, 4]}",4-1-2932
1,2457,True,False,False,False,False,77385__2457__58377.jpg,project,"{""R"": 0, ""L"": 0, ""M"": 0, ""P"": 0, ""H"": 0}","{""a"": 3, ""m"": 3, ""t"": 3, ""p"": 3, ""r"": 4}","{""score"": 0, ""raw_mean"": 0, ""mean_all"": 0, ""variance"": 0, ""label"": 0, ""scores"": [0, 0, 0, 0, 0]}","{""score"": 4.0, ""raw_mean"": 3.2, ""mean"": 3.2, ""variance"": 0.2, ""label"": 0, ""scores"": [3, 3, 3, 3, 4]}",4-1-2457
1,2831,True,False,False,False,False,10156__2831__65101.jpg,project,"{""R"": 0, ""L"": 0, ""M"": 0, ""P"": 0, ""H"": 0}","{""a"": 3, ""m"": 3, ""t"": 3, ""p"": 4, ""r"": 3}","{""score"": 0, ""raw_mean"": 0, ""mean_all"": 0, ""variance"": 0, ""label"": 0, ""scores"": [0, 0, 0, 0, 0]}","{""score"": 4.0, ""raw_mean"": 3.2, ""mean"": 3.2, ""variance"": 0.2, ""label"": 0, ""scores"": [3, 3, 3, 4, 3]}",4-1-2831
1,168,True,False,False,False,False,26665__168__56662.jpg,project,"{""R"": 0, ""L"": 0, ""M"": 0, ""P"": 0, ""H"": 0}","{""a"": 2, ""m"": 3, ""t"": 3, ""p"": 2, ""r"": 4}","{""score"": 0, ""raw_mean"": 0, ""mean_all"": 0, ""variance"": 0, ""label"": 0, ""scores"": [0, 0, 0, 0, 0]}","{""score"": 4.0, ""raw_mean"": 2.8, ""mean"": 2.8, ""variance"": 0.7, ""label"": 0, ""scores"": [2, 3, 3, 2, 4]}",4-1-168
1,1842,True,False,False,False,False,56956__1842__65965.jpg,project,"{""R"": 0, ""L"": 0, ""M"": 0, ""P"": 0, ""H"": 0}","{""a"": 3, ""m"": 3, ""t"": 3, ""p"": 3, ""r"": 4}","{""score"": 0, ""raw_mean"": 0, ""mean_all"": 0, ""variance"": 0, ""label"": 0, ""scores"": [0, 0, 0, 0, 0]}","{""score"": 4.0, ""raw_mean"": 3.2, ""mean"": 3.2, ""variance"": 0.2, ""label"": 0, ""scores"": [3, 3, 3, 3, 4]}",4-1-1842
1,2902,True,False,False,False,False,05135__2902__53150.jpg,project,"{""R"": 0, ""L"": 0, ""M"": 0, ""P"": 0, ""H"": 0}","{""a"": 3, ""m"": 4, ""t"": 3, ""p"": 3, ""r"": 3}","{""score"": 0, ""raw_mean"": 0, ""mean_all"": 0, ""variance"": 0, ""label"": 0, ""scores"": [0, 0, 0, 0, 0]}","{""score"": 4.0, ""raw_mean"": 3.2, ""mean"": 3.2, ""variance"": 0.2, ""label"": 0, ""scores"": [3, 4, 3, 3, 3]}",4-1-2902
1,1213,True,False,False,False,False,91166__1213__66119.jpg,project,"{""R"": 0, ""L"": 0, ""M"": 0, ""P"": 0, ""H"": 0}","{""a"": 3, ""m"": 3, ""t"": 3, ""p"": 2, ""r"": 4}","{""score"": 0, ""raw_mean"": 0, ""mean_all"": 0, ""variance"": 0, ""label"": 0, ""scores"": [0, 0, 0, 0, 0]}","{""score"": 4.0, ""raw_mean"": 3, ""mean"": 3, ""variance"": 0.5, ""label"": 0, ""scores"": [3, 3, 3, 2, 4]}",4-1-1213
2,4407,True,False,False,False,False,20856__4407__65802.jpg,project,"{""R"": 0, ""L"": 0, ""M"": 0, ""P"": 0, ""H"": 0}","{""a"": 3, ""m"": 3, ""t"": 3, ""p"": 3, ""r"": 4}","{""score"": 0, ""raw_mean"": 0, ""mean_all"": 0, ""variance"": 0, ""label"": 0, ""scores"": [0, 0, 0, 0, 0]}","{""score"": 4.0, ""raw_mean"": 3.2, ""mean"": 3.2, ""variance"": 0.2, ""label"": 0, ""scores"": [3, 3, 3, 3, 4]}",4-2-4407
1,4407,True,False,False,False,False,57656__4407__65675.jpg,project,"{""R"": 0, ""L"": 0, ""M"": 0, ""P"": 0, ""H"": 0}","{""a"": 3, ""m"": 4, ""t"": 3, ""p"": 3, ""r"": 3}","{""score"": 0, ""raw_mean"": 0, ""mean_all"": 0, ""variance"": 0, ""label"": 0, ""scores"": [0, 0, 0, 0, 0]}","{""score"": 4.0, ""raw_mean"": 3.2, ""mean"": 3.2, ""variance"": 0.2, ""label"": 0, ""scores"": [3, 4, 3, 3, 3]}",4-1-4407
1,5871,True,False,False,False,False,14465__5871__56441.jpg,project,"{""R"": 0, ""L"": 0, ""M"": 0, ""P"": 0, ""H"": 0}","{""a"": 3, ""m"": 3, ""t"": 3, ""p"": 3, ""r"": 4}","{""score"": 0, ""raw_mean"": 0, ""mean_all"": 0, ""variance"": 0, ""label"": 0, ""scores"": [0, 0, 0, 0, 0]}","{""score"": 4.0, ""raw_mean"": 3.2, ""mean"": 3.2, ""variance"": 0.2, ""label"": 0, ""scores"": [3, 3, 3, 3, 4]}",4-1-5871
2,1226,True,False,False,False,False,19856__1226__65891.jpg,project,"{""R"": 0, ""L"": 0, ""M"": 0, ""P"": 0, ""H"": 0}","{""a"": 3, ""m"": 3, ""t"": 3, ""p"": 2, ""r"": 4}","{""score"": 0, ""raw_mean"": 0, ""mean_all"": 0, ""variance"": 0, ""label"": 0, ""scores"": [0, 0, 0, 0, 0]}","{""score"": 4.0, ""raw_mean"": 3, ""mean"": 3, ""variance"": 0.5, ""label"": 0, ""scores"": [3, 3, 3, 2, 4]}",4-2-1226
1,446,False,False,False,False,False,79336__446__63397.jpg,project,"{""R"": 0, ""L"": 0, ""M"": 0, ""P"": 0, ""H"": 0}","{""a"": 3, ""m"": 3, ""t"": 3, ""p"": 3, ""r"": 3}","{""score"": 0, ""raw_mean"": 0, ""mean_all"": 0, ""variance"": 0, ""label"": 0, ""scores"": [0, 0, 0, 0, 0]}","{""score"": 3, ""raw_mean"": 3, ""mean"": 3, ""variance"": 0, ""label"": 0, ""scores"": [3, 3, 3, 3, 3]}",3-1-446
1,4211,False,False,False,False,False,31885__4211__58813.jpg,project,"{""R"": 0, ""L"": 0, ""M"": 0, ""P"": 0, ""H"": 0}","{""a"": 3, ""m"": 3, ""t"": 3, ""p"": 3, ""r"": 3}","{""score"": 0, ""raw_mean"": 0, ""mean_all"": 0, ""variance"": 0, ""label"": 0, ""scores"": [0, 0, 0, 0, 0]}","{""score"": 3, ""raw_mean"": 3, ""mean"": 3, ""variance"": 0, ""label"": 0, ""scores"": [3, 3, 3, 3, 3]}",3-1-4211
1,62,False,False,False,False,False,07616__62__61670.jpg,project,"{""R"": 0, ""L"": 0, ""M"": 0, ""P"": 0, ""H"": 0}","{""a"": 3, ""m"": 3, ""t"": 3, ""p"": 3, ""r"": 3}","{""score"": 0, ""raw_mean"": 0, ""mean_all"": 0, ""variance"": 0, ""label"": 0, ""scores"": [0, 0, 0, 0, 0]}","{""score"": 3, ""raw_mean"": 3, ""mean"": 3, ""variance"": 0, ""label"": 0, ""scores"": [3, 3, 3, 3, 3]}",3-1-62
1,6110,False,False,False,False,False,03316__6110__61330.jpg,project,"{""R"": 0, ""L"": 0, ""M"": 0, ""P"": 0, ""H"": 0}","{""a"": 3, ""m"": 3, ""t"": 3, ""p"": 3, ""r"": 3}","{""score"": 0, ""raw_mean"": 0, ""mean_all"": 0, ""variance"": 0, ""label"": 0, ""scores"": [0, 0, 0, 0, 0]}","{""score"": 3, ""raw_mean"": 3, ""mean"": 3, ""variance"": 0, ""label"": 0, ""scores"": [3, 3, 3, 3, 3]}",3-1-6110
1,49,False,False,False,False,False,30765__49__56703.jpg,project,"{""R"": 0, ""L"": 0, ""M"": 0, ""P"": 0, ""H"": 0}","{""a"": 3, ""m"": 3, ""t"": 3, ""p"": 3, ""r"": 3}","{""score"": 0, ""raw_mean"": 0, ""mean_all"": 0, ""variance"": 0, ""label"": 0, ""scores"": [0, 0, 0, 0, 0]}","{""score"": 3, ""raw_mean"": 3, ""mean"": 3, ""variance"": 0, ""label"": 0, ""scores"": [3, 3, 3, 3, 3]}",3-1-49
1,4134,False,False,False,False,False,59646__4134__64695.jpg,project,"{""R"": 0, ""L"": 0, ""M"": 0, ""P"": 0, ""H"": 0}","{""a"": 3, ""m"": 3, ""t"": 3, ""p"": 3, ""r"": 3}","{""score"": 0, ""raw_mean"": 0, ""mean_all"": 0, ""variance"": 0, ""label"": 0, ""scores"": [0, 0, 0, 0, 0]}","{""score"": 3, ""raw_mean"": 3, ""mean"": 3, ""variance"": 0, ""label"": 0, ""scores"": [3, 3, 3, 3, 3]}",3-1-4134
1,4223,False,False,False,False,False,47365__4223__56374.jpg,project,"{""R"": 0, ""L"": 0, ""M"": 0, ""P"": 0, ""H"": 0}","{""a"": 3, ""m"": 3, ""t"": 3, ""p"": 3, ""r"": 3}","{""score"": 0, ""raw_mean"": 0, ""mean_all"": 0, ""variance"": 0, ""label"": 0, ""scores"": [0, 0, 0, 0, 0]}","{""score"": 3, ""raw_mean"": 3, ""mean"": 3, ""variance"": 0, ""label"": 0, ""scores"": [3, 3, 3, 3, 3]}",3-1-4223
1,2390,False,False,False,False,False,74516__2390__61547.jpg,project,"{""R"": 0, ""L"": 0, ""M"": 0, ""P"": 0, ""H"": 0}","{""a"": 3, ""m"": 3, ""t"": 3, ""p"": 3, ""r"": 3}","{""score"": 0, ""raw_mean"": 0, ""mean_all"": 0, ""variance"": 0, ""label"": 0, ""scores"": [0, 0, 0, 0, 0]}","{""score"": 3, ""raw_mean"": 3, ""mean"": 3, ""variance"": 0, ""label"": 0, ""scores"": [3, 3, 3, 3, 3]}",3-1-2390
1,1761,False,False,False,False,False,72406__1761__60427.jpg,project,"{""R"": 0, ""L"": 0, ""M"": 0, ""P"": 0, ""H"": 0}","{""a"": 3, ""m"": 3, ""t"": 3, ""p"": 3, ""r"": 3}","{""score"": 0, ""raw_mean"": 0, ""mean_all"": 0, ""variance"": 0, ""label"": 0, ""scores"": [0, 0, 0, 0, 0]}","{""score"": 3, ""raw_mean"": 3, ""mean"": 3, ""variance"": 0, ""label"": 0, ""scores"": [3, 3, 3, 3, 3]}",3-1-1761
2,5995,False,False,False,False,False,46285__5995__58264.jpg,project,"{""R"": 0, ""L"": 0, ""M"": 0, ""P"": 0, ""H"": 0}","{""a"": 3, ""m"": 3, ""t"": 3, ""p"": 3, ""r"": 3}","{""score"": 0, ""raw_mean"": 0, ""mean_all"": 0, ""variance"": 0, ""label"": 0, ""scores"": [0, 0, 0, 0, 0]}","{""score"": 3, ""raw_mean"": 3, ""mean"": 3, ""variance"": 0, ""label"": 0, ""scores"": [3, 3, 3, 3, 3]}",3-2-5995
1,1166,False,False,False,False,False,03845__1166__54830.jpg,project,"{""R"": 0, ""L"": 0, ""M"": 0, ""P"": 0, ""H"": 0}","{""a"": 2, ""m"": 3, ""t"": 3, ""p"": 3, ""r"": 3}","{""score"": 0, ""raw_mean"": 0, ""mean_all"": 0, ""variance"": 0, ""label"": 0, ""scores"": [0, 0, 0, 0, 0]}","{""score"": 2.8, ""raw_mean"": 2.8, ""mean"": 2.8, ""variance"": 0.2, ""label"": 0, ""scores"": [2, 3, 3, 3, 3]}",2-1-1166
1,1822,False,False,False,False,False,67126__1822__62176.jpg,project,"{""R"": 0, ""L"": 0, ""M"": 0, ""P"": 0, ""H"": 0}","{""a"": 3, ""m"": 2, ""t"": 3, ""p"": 3, ""r"": 3}","{""score"": 0, ""raw_mean"": 0, ""mean_all"": 0, ""variance"": 0, ""label"": 0, ""scores"": [0, 0, 0, 0, 0]}","{""score"": 2.8, ""raw_mean"": 2.8, ""mean"": 2.8, ""variance"": 0.2, ""label"": 0, ""scores"": [3, 2, 3, 3, 3]}",2-1-1822
2,4211,False,False,False,False,False,93885__4211__58839.jpg,project,"{""R"": 0, ""L"": 0, ""M"": 0, ""P"": 0, ""H"": 0}","{""a"": 2, ""m"": 3, ""t"": 3, ""p"": 3, ""r"": 3}","{""score"": 0, ""raw_mean"": 0, ""mean_all"": 0, ""variance"": 0, ""label"": 0, ""scores"": [0, 0, 0, 0, 0]}","{""score"": 2.8, ""raw_mean"": 2.8, ""mean"": 2.8, ""variance"": 0.2, ""label"": 0, ""scores"": [2, 3, 3, 3, 3]}",2-2-4211
1,5823,False,False,False,False,False,97045__5823__54079.jpg,project,"{""R"": 0, ""L"": 0, ""M"": 0, ""P"": 0, ""H"": 0}","{""a"": 3, ""m"": 3, ""t"": 3, ""p"": 3, ""r"": 2}","{""score"": 0, ""raw_mean"": 0, ""mean_all"": 0, ""variance"": 0, ""label"": 0, ""scores"": [0, 0, 0, 0, 0]}","{""score"": 2.8, ""raw_mean"": 2.8, ""mean"": 2.8, ""variance"": 0.2, ""label"": 0, ""scores"": [3, 3, 3, 3, 2]}",2-1-5823
1,728,False,False,False,False,False,30365__728__56303.jpg,project,"{""R"": 0, ""L"": 0, ""M"": 0, ""P"": 0, ""H"": 0}","{""a"": 3, ""m"": 3, ""t"": 3, ""p"": 3, ""r"": 2}","{""score"": 0, ""raw_mean"": 0, ""mean_all"": 0, ""variance"": 0, ""label"": 0, ""scores"": [0, 0, 0, 0, 0]}","{""score"": 2.8, ""raw_mean"": 2.8, ""mean"": 2.8, ""variance"": 0.2, ""label"": 0, ""scores"": [3, 3, 3, 3, 2]}",2-1-728
1,4021,False,False,False,False,False,91565__4021__56519.jpg,project,"{""R"": 0, ""L"": 0, ""M"": 0, ""P"": 0, ""H"": 0}","{""a"": 3, ""m"": 2, ""t"": 3, ""p"": 3, ""r"": 3}","{""score"": 0, ""raw_mean"": 0, ""mean_all"": 0, ""variance"": 0, ""label"": 0, ""scores"": [0, 0, 0, 0, 0]}","{""score"": 2.8, ""raw_mean"": 2.8, ""mean"": 2.8, ""variance"": 0.2, ""label"": 0, ""scores"": [3, 2, 3, 3, 3]}",2-1-4021
1,5768,False,False,False,False,False,14585__5768__58541.jpg,project,"{""R"": 0, ""L"": 0, ""M"": 0, ""P"": 0, ""H"": 0}","{""a"": 2, ""m"": 3, ""t"": 3, ""p"": 3, ""r"": 3}","{""score"": 0, ""raw_mean"": 0, ""mean_all"": 0, ""variance"": 0, ""label"": 0, ""scores"": [0, 0, 0, 0, 0]}","{""score"": 2.8, ""raw_mean"": 2.8, ""mean"": 2.8, ""variance"": 0.2, ""label"": 0, ""scores"": [2, 3, 3, 3, 3]}",2-1-5768
1,5766,False,False,False,False,False,64716__5766__61746.jpg,project,"{""R"": 0, ""L"": 0, ""M"": 0, ""P"": 0, ""H"": 0}","{""a"": 3, ""m"": 3, ""t"": 2, ""p"": 3, ""r"": 3}","{""score"": 0, ""raw_mean"": 0, ""mean_all"": 0, ""variance"": 0, ""label"": 0, ""scores"": [0, 0, 0, 0, 0]}","{""score"": 2.8, ""raw_mean"": 2.8, ""mean"": 2.8, ""variance"": 0.2, ""label"": 0, ""scores"": [3, 3, 2, 3, 3]}",2-1-5766
1,1890,False,False,False,False,False,21506__1890__60512.jpg,project,"{""R"": 0, ""L"": 0, ""M"": 0, ""P"": 0, ""H"": 0}","{""a"": 3, ""m"": 3, ""t"": 2, ""p"": 3, ""r"": 3}","{""score"": 0, ""raw_mean"": 0, ""mean_all"": 0, ""variance"": 0, ""label"": 0, ""scores"": [0, 0, 0, 0, 0]}","{""score"": 2.8, ""raw_mean"": 2.8, ""mean"": 2.8, ""variance"": 0.2, ""label"": 0, ""scores"": [3, 3, 2, 3, 3]}",2-1-1890
1,68,False,False,False,False,False,22375__68__57322.jpg,project,"{""R"": 0, ""L"": 0, ""M"": 0, ""P"": 0, ""H"": 0}","{""a"": 3, ""m"": 3, ""t"": 3, ""p"": 2, ""r"": 3}","{""score"": 0, ""raw_mean"": 0, ""mean_all"": 0, ""variance"": 0, ""label"": 0, ""scores"": [0, 0, 0, 0, 0]}","{""score"": 2.8, ""raw_mean"": 2.8, ""mean"": 2.8, ""variance"": 0.2, ""label"": 0, ""scores"": [3, 3, 3, 2, 3]}",2-1-68
1,2691,False,False,False,False,False,85016__2691__61058.jpg,project,"{""R"": 0, ""L"": 0, ""M"": 0, ""P"": 0, ""H"": 0}","{""a"": 3, ""m"": 3, ""t"": 3, ""p"": 2, ""r"": 3}","{""score"": 0, ""raw_mean"": 0, ""mean_all"": 0, ""variance"": 0, ""label"": 0, ""scores"": [0, 0, 0, 0, 0]}","{""score"": 2.8, ""raw_mean"": 2.8, ""mean"": 2.8, ""variance"": 0.2, ""label"": 0, ""scores"": [3, 3, 3, 2, 3]}",2-1-2691
1,1482,False,False,False,False,False,42706__1482__60724.jpg,project,"{""R"": 0, ""L"": 0, ""M"": 0, ""P"": 0, ""H"": 0}","{""a"": 3, ""m"": 2, ""t"": 3, ""p"": 3, ""r"": 3}","{""score"": 0, ""raw_mean"": 0, ""mean_all"": 0, ""variance"": 0, ""label"": 0, ""scores"": [0, 0, 0, 0, 0]}","{""score"": 2.8, ""raw_mean"": 2.8, ""mean"": 2.8, ""variance"": 0.2, ""label"": 0, ""scores"": [3, 2, 3, 3, 3]}",2-1-1482
1,2852,False,False,False,False,False,68575__2852__57586.jpg,project,"{""R"": 0, ""L"": 0, ""M"": 0, ""P"": 0, ""H"": 0}","{""a"": 3, ""m"": 3, ""t"": 3, ""p"": 2, ""r"": 3}","{""score"": 0, ""raw_mean"": 0, ""mean_all"": 0, ""variance"": 0, ""label"": 0, ""scores"": [0, 0, 0, 0, 0]}","{""score"": 2.8, ""raw_mean"": 2.8, ""mean"": 2.8, ""variance"": 0.2, ""label"": 0, ""scores"": [3, 3, 3, 2, 3]}",2-1-2852
1,6168,False,False,False,False,False,07436__6168__63470.jpg,project,"{""R"": 0, ""L"": 0, ""M"": 0, ""P"": 0, ""H"": 0}","{""a"": 3, ""m"": 2, ""t"": 3, ""p"": 3, ""r"": 3}","{""score"": 0, ""raw_mean"": 0, ""mean_all"": 0, ""variance"": 0, ""label"": 0, ""scores"": [0, 0, 0, 0, 0]}","{""score"": 2.8, ""raw_mean"": 2.8, ""mean"": 2.8, ""variance"": 0.2, ""label"": 0, ""scores"": [3, 2, 3, 3, 3]}",2-1-6168
1,2544,False,False,False,False,False,00136__2544__63100.jpg,project,"{""R"": 0, ""L"": 0, ""M"": 0, ""P"": 0, ""H"": 0}","{""a"": 3, ""m"": 3, ""t"": 2, ""p"": 3, ""r"": 3}","{""score"": 0, ""raw_mean"": 0, ""mean_all"": 0, ""variance"": 0, ""label"": 0, ""scores"": [0, 0, 0, 0, 0]}","{""score"": 2.8, ""raw_mean"": 2.8, ""mean"": 2.8, ""variance"": 0.2, ""label"": 0, ""scores"": [3, 3, 2, 3, 3]}",2-1-2544
1,3317,False,False,False,False,False,40216__3317__61204.jpg,project,"{""R"": 0, ""L"": 0, ""M"": 0, ""P"": 0, ""H"": 0}","{""a"": 3, ""m"": 3, ""t"": 3, ""p"": 3, ""r"": 2}","{""score"": 0, ""raw_mean"": 0, ""mean_all"": 0, ""variance"": 0, ""label"": 0, ""scores"": [0, 0, 0, 0, 0]}","{""score"": 2.8, ""raw_mean"": 2.8, ""mean"": 2.8, ""variance"": 0.2, ""label"": 0, ""scores"": [3, 3, 3, 3, 2]}",2-1-3317
1,6036,False,False,False,False,False,85495__6036__59458.jpg,project,"{""R"": 0, ""L"": 0, ""M"": 0, ""P"": 0, ""H"": 0}","{""a"": 3, ""m"": 3, ""t"": 3, ""p"": 2, ""r"": 3}","{""score"": 0, ""raw_mean"": 0, ""mean_all"": 0, ""variance"": 0, ""label"": 0, ""scores"": [0, 0, 0, 0, 0]}","{""score"": 2.8, ""raw_mean"": 2.8, ""mean"": 2.8, ""variance"": 0.2, ""label"": 0, ""scores"": [3, 3, 3, 2, 3]}",2-1-6036
1,6202,False,False,False,False,False,14736__6202__63741.jpg,project,"{""R"": 0, ""L"": 0, ""M"": 0, ""P"": 0, ""H"": 0}","{""a"": 3, ""m"": 3, ""t"": 3, ""p"": 2, ""r"": 3}","{""score"": 0, ""raw_mean"": 0, ""mean_all"": 0, ""variance"": 0, ""label"": 0, ""scores"": [0, 0, 0, 0, 0]}","{""score"": 2.8, ""raw_mean"": 2.8, ""mean"": 2.8, ""variance"": 0.2, ""label"": 0, ""scores"": [3, 3, 3, 2, 3]}",2-1-6202
1,5759,False,False,False,False,False,34185__5759__58143.jpg,project,"{""R"": 0, ""L"": 0, ""M"": 0, ""P"": 0, ""H"": 0}","{""a"": 3, ""m"": 3, ""t"": 3, ""p"": 2, ""r"": 3}","{""score"": 0, ""raw_mean"": 0, ""mean_all"": 0, ""variance"": 0, ""label"": 0, ""scores"": [0, 0, 0, 0, 0]}","{""score"": 2.8, ""raw_mean"": 2.8, ""mean"": 2.8, ""variance"": 0.2, ""label"": 0, ""scores"": [3, 3, 3, 2, 3]}",2-1-5759
1,337,False,False,False,False,False,37735__337__53773.jpg,project,"{""R"": 0, ""L"": 0, ""M"": 0, ""P"": 0, ""H"": 0}","{""a"": 2, ""m"": 3, ""t"": 2, ""p"": 3, ""r"": 3}","{""score"": 0, ""raw_mean"": 0, ""mean_all"": 0, ""variance"": 0, ""label"": 0, ""scores"": [0, 0, 0, 0, 0]}","{""score"": 2.6, ""raw_mean"": 2.6, ""mean"": 2.6, ""variance"": 0.3, ""label"": 0, ""scores"": [2, 3, 2, 3, 3]}",2-1-337
1,5763,False,False,False,False,False,57056__5763__65075.jpg,project,"{""R"": 0, ""L"": 0, ""M"": 0, ""P"": 0, ""H"": 0}","{""a"": 3, ""m"": 2, ""t"": 3, ""p"": 2, ""r"": 3}","{""score"": 0, ""raw_mean"": 0, ""mean_all"": 0, ""variance"": 0, ""label"": 0, ""scores"": [0, 0, 0, 0, 0]}","{""score"": 2.6, ""raw_mean"": 2.6, ""mean"": 2.6, ""variance"": 0.3, ""label"": 0, ""scores"": [3, 2, 3, 2, 3]}",2-1-5763
1,3550,False,False,False,False,False,70936__3550__63907.jpg,project,"{""R"": 0, ""L"": 0, ""M"": 0, ""P"": 0, ""H"": 0}","{""a"": 3, ""m"": 2, ""t"": 2, ""p"": 3, ""r"": 3}","{""score"": 0, ""raw_mean"": 0, ""mean_all"": 0, ""variance"": 0, ""label"": 0, ""scores"": [0, 0, 0, 0, 0]}","{""score"": 2.6, ""raw_mean"": 2.6, ""mean"": 2.6, ""variance"": 0.3, ""label"": 0, ""scores"": [3, 2, 2, 3, 3]}",2-1-3550
1,4604,False,False,False,False,False,67695__4604__59676.jpg,project,"{""R"": 0, ""L"": 0, ""M"": 0, ""P"": 0, ""H"": 0}","{""a"": 3, ""m"": 3, ""t"": 2, ""p"": 3, ""r"": 2}","{""score"": 0, ""raw_mean"": 0, ""mean_all"": 0, ""variance"": 0, ""label"": 0, ""scores"": [0, 0, 0, 0, 0]}","{""score"": 2.6, ""raw_mean"": 2.6, ""mean"": 2.6, ""variance"": 0.3, ""label"": 0, ""scores"": [3, 3, 2, 3, 2]}",2-1-4604
1,5746,False,False,False,False,False,35955__5746__55953.jpg,project,"{""R"": 0, ""L"": 0, ""M"": 0, ""P"": 0, ""H"": 0}","{""a"": 3, ""m"": 2, ""t"": 3, ""p"": 2, ""r"": 3}","{""score"": 0, ""raw_mean"": 0, ""mean_all"": 0, ""variance"": 0, ""label"": 0, ""scores"": [0, 0, 0, 0, 0]}","{""score"": 2.6, ""raw_mean"": 2.6, ""mean"": 2.6, ""variance"": 0.3, ""label"": 0, ""scores"": [3, 2, 3, 2, 3]}",2-1-5746
1,6032,False,False,False,False,False,51195__6032__59115.jpg,project,"{""R"": 0, ""L"": 0, ""M"": 0, ""P"": 0, ""H"": 0}","{""a"": 2, ""m"": 3, ""t"": 3, ""p"": 2, ""r"": 3}","{""score"": 0, ""raw_mean"": 0, ""mean_all"": 0, ""variance"": 0, ""label"": 0, ""scores"": [0, 0, 0, 0, 0]}","{""score"": 2.6, ""raw_mean"": 2.6, ""mean"": 2.6, ""variance"": 0.3, ""label"": 0, ""scores"": [2, 3, 3, 2, 3]}",2-1-6032
1,6001,False,False,False,False,False,14385__6001__58341.jpg,project,"{""R"": 0, ""L"": 0, ""M"": 0, ""P"": 0, ""H"": 0}","{""a"": 2, ""m"": 3, ""t"": 3, ""p"": 2, ""r"": 3}","{""score"": 0, ""raw_mean"": 0, ""mean_all"": 0, ""variance"": 0, ""label"": 0, ""scores"": [0, 0, 0, 0, 0]}","{""score"": 2.6, ""raw_mean"": 2.6, ""mean"": 2.6, ""variance"": 0.3, ""label"": 0, ""scores"": [2, 3, 3, 2, 3]}",2-1-6001
1,6048,False,False,False,False,False,01806__6048__60810.jpg,project,"{""R"": 0, ""L"": 0, ""M"": 0, ""P"": 0, ""H"": 0}","{""a"": 3, ""m"": 3, ""t"": 2, ""p"": 2, ""r"": 3}","{""score"": 0, ""raw_mean"": 0, ""mean_all"": 0, ""variance"": 0, ""label"": 0, ""scores"": [0, 0, 0, 0, 0]}","{""score"": 2.6, ""raw_mean"": 2.6, ""mean"": 2.6, ""variance"": 0.3, ""label"": 0, ""scores"": [3, 3, 2, 2, 3]}",2-1-6048
1,3891,False,False,False,False,False,00395__3891__59300.jpg,project,"{""R"": 0, ""L"": 0, ""M"": 0, ""P"": 0, ""H"": 0}","{""a"": 3, ""m"": 3, ""t"": 2, ""p"": 2, ""r"": 3}","{""score"": 0, ""raw_mean"": 0, ""mean_all"": 0, ""variance"": 0, ""label"": 0, ""scores"": [0, 0, 0, 0, 0]}","{""score"": 2.6, ""raw_mean"": 2.6, ""mean"": 2.6, ""variance"": 0.3, ""label"": 0, ""scores"": [3, 3, 2, 2, 3]}",2-1-3891
1,4645,False,False,False,False,False,41156__4645__65114.jpg,project,"{""R"": 0, ""L"": 0, ""M"": 0, ""P"": 0, ""H"": 0}","{""a"": 3, ""m"": 2, ""t"": 3, ""p"": 2, ""r"": 3}","{""score"": 0, ""raw_mean"": 0, ""mean_all"": 0, ""variance"": 0, ""label"": 0, ""scores"": [0, 0, 0, 0, 0]}","{""score"": 2.6, ""raw_mean"": 2.6, ""mean"": 2.6, ""variance"": 0.3, ""label"": 0, ""scores"": [3, 2, 3, 2, 3]}",2-1-4645
1,355,False,False,False,False,False,53836__355__63835.jpg,project,"{""R"": 0, ""L"": 0, ""M"": 0, ""P"": 0, ""H"": 0}","{""a"": 3, ""m"": 3, ""t"": 2, ""p"": 2, ""r"": 3}","{""score"": 0, ""raw_mean"": 0, ""mean_all"": 0, ""variance"": 0, ""label"": 0, ""scores"": [0, 0, 0, 0, 0]}","{""score"": 2.6, ""raw_mean"": 2.6, ""mean"": 2.6, ""variance"": 0.3, ""label"": 0, ""scores"": [3, 3, 2, 2, 3]}",2-1-355
1,4426,False,False,False,False,False,86975__4426__57968.jpg,project,"{""R"": 0, ""L"": 0, ""M"": 0, ""P"": 0, ""H"": 0}","{""a"": 3, ""m"": 2, ""t"": 2, ""p"": 3, ""r"": 3}","{""score"": 0, ""raw_mean"": 0, ""mean_all"": 0, ""variance"": 0, ""label"": 0, ""scores"": [0, 0, 0, 0, 0]}","{""score"": 2.6, ""raw_mean"": 2.6, ""mean"": 2.6, ""variance"": 0.3, ""label"": 0, ""scores"": [3, 2, 2, 3, 3]}",2-1-4426
1,2716,False,False,False,False,False,37336__2716__63373.jpg,project,"{""R"": 0, ""L"": 0, ""M"": 0, ""P"": 0, ""H"": 0}","{""a"": 3, ""m"": 2, ""t"": 3, ""p"": 2, ""r"": 3}","{""score"": 0, ""raw_mean"": 0, ""mean_all"": 0, ""variance"": 0, ""label"": 0, ""scores"": [0, 0, 0, 0, 0]}","{""score"": 2.6, ""raw_mean"": 2.6, ""mean"": 2.6, ""variance"": 0.3, ""label"": 0, ""scores"": [3, 2, 3, 2, 3]}",2-1-2716
1,294,False,False,False,False,False,37845__294__54873.jpg,project,"{""R"": 0, ""L"": 0, ""M"": 0, ""P"": 0, ""H"": 0}","{""a"": 3, ""m"": 2, ""t"": 3, ""p"": 3, ""r"": 2}","{""score"": 0, ""raw_mean"": 0, ""mean_all"": 0, ""variance"": 0, ""label"": 0, ""scores"": [0, 0, 0, 0, 0]}","{""score"": 2.6, ""raw_mean"": 2.6, ""mean"": 2.6, ""variance"": 0.3, ""label"": 0, ""scores"": [3, 2, 3, 3, 2]}",2-1-294
2,2902,False,False,False,False,False,92255__2902__55229.jpg,project,"{""R"": 0, ""L"": 0, ""M"": 0, ""P"": 0, ""H"": 0}","{""a"": 2, ""m"": 2, ""t"": 3, ""p"": 3, ""r"": 3}","{""score"": 0, ""raw_mean"": 0, ""mean_all"": 0, ""variance"": 0, ""label"": 0, ""scores"": [0, 0, 0, 0, 0]}","{""score"": 2.6, ""raw_mean"": 2.6, ""mean"": 2.6, ""variance"": 0.3, ""label"": 0, ""scores"": [2, 2, 3, 3, 3]}",2-2-2902
1,1226,False,False,False,False,False,94856__1226__65849.jpg,project,"{""R"": 0, ""L"": 0, ""M"": 0, ""P"": 0, ""H"": 0}","{""a"": 2, ""m"": 3, ""t"": 3, ""p"": 2, ""r"": 3}","{""score"": 0, ""raw_mean"": 0, ""mean_all"": 0, ""variance"": 0, ""label"": 0, ""scores"": [0, 0, 0, 0, 0]}","{""score"": 2.6, ""raw_mean"": 2.6, ""mean"": 2.6, ""variance"": 0.3, ""label"": 0, ""scores"": [2, 3, 3, 2, 3]}",2-1-1226
1,6065,False,False,False,False,False,43806__6065__60834.jpg,project,"{""R"": 0, ""L"": 0, ""M"": 0, ""P"": 0, ""H"": 0}","{""a"": 2, ""m"": 3, ""t"": 3, ""p"": 2, ""r"": 3}","{""score"": 0, ""raw_mean"": 0, ""mean_all"": 0, ""variance"": 0, ""label"": 0, ""scores"": [0, 0, 0, 0, 0]}","{""score"": 2.6, ""raw_mean"": 2.6, ""mean"": 2.6, ""variance"": 0.3, ""label"": 0, ""scores"": [2, 3, 3, 2, 3]}",2-1-6065
1,754,False,False,False,False,False,20706__754__60702.jpg,project,"{""R"": 0, ""L"": 0, ""M"": 0, ""P"": 0, ""H"": 0}","{""a"": 3, ""m"": 2, ""t"": 2, ""p"": 3, ""r"": 3}","{""score"": 0, ""raw_mean"": 0, ""mean_all"": 0, ""variance"": 0, ""label"": 0, ""scores"": [0, 0, 0, 0, 0]}","{""score"": 2.6, ""raw_mean"": 2.6, ""mean"": 2.6, ""variance"": 0.3, ""label"": 0, ""scores"": [3, 2, 2, 3, 3]}",2-1-754
1,6206,False,False,False,False,False,46046__6206__64064.jpg,project,"{""R"": 0, ""L"": 0, ""M"": 0, ""P"": 0, ""H"": 0}","{""a"": 3, ""m"": 2, ""t"": 2, ""p"": 3, ""r"": 2}","{""score"": 0, ""raw_mean"": 0, ""mean_all"": 0, ""variance"": 0, ""label"": 0, ""scores"": [0, 0, 0, 0, 0]}","{""score"": 2.4, ""raw_mean"": 2.4, ""mean"": 2.4, ""variance"": 0.3, ""label"": 0, ""scores"": [3, 2, 2, 3, 2]}",2-1-6206
1,3281,False,False,False,False,False,55865__3281__56855.jpg,project,"{""R"": 0, ""L"": 0, ""M"": 0, ""P"": 0, ""H"": 0}","{""a"": 3, ""m"": 2, ""t"": 2, ""p"": 2, ""r"": 3}","{""score"": 0, ""raw_mean"": 0, ""mean_all"": 0, ""variance"": 0, ""label"": 0, ""scores"": [0, 0, 0, 0, 0]}","{""score"": 2.4, ""raw_mean"": 2.4, ""mean"": 2.4, ""variance"": 0.3, ""label"": 0, ""scores"": [3, 2, 2, 2, 3]}",2-1-3281
2,728,False,False,False,False,False,03465__728__56430.jpg,project,"{""R"": 0, ""L"": 0, ""M"": 0, ""P"": 0, ""H"": 0}","{""a"": 3, ""m"": 3, ""t"": 0, ""p"": 3, ""r"": 3}","{""score"": 0, ""raw_mean"": 0, ""mean_all"": 0, ""variance"": 0, ""label"": 0, ""scores"": [0, 0, 0, 0, 0]}","{""score"": 2.4, ""raw_mean"": 2.4, ""mean"": 2.4, ""variance"": 1.8, ""label"": 0, ""scores"": [3, 3, 0, 3, 3]}",2-2-728
1,679,False,False,False,False,False,27555__679__55572.jpg,project,"{""R"": 0, ""L"": 0, ""M"": 0, ""P"": 0, ""H"": 0}","{""a"": 3, ""m"": 2, ""t"": 3, ""p"": 2, ""r"": 2}","{""score"": 0, ""raw_mean"": 0, ""mean_all"": 0, ""variance"": 0, ""label"": 0, ""scores"": [0, 0, 0, 0, 0]}","{""score"": 2.4, ""raw_mean"": 2.4, ""mean"": 2.4, ""variance"": 0.3, ""label"": 0, ""scores"": [3, 2, 3, 2, 2]}",2-1-679
1,6250,False,False,False,False,False,52756__6250__65725.jpg,project,"{""R"": 0, ""L"": 0, ""M"": 0, ""P"": 0, ""H"": 0}","{""a"": 2, ""m"": 3, ""t"": 2, ""p"": 3, ""r"": 2}","{""score"": 0, ""raw_mean"": 0, ""mean_all"": 0, ""variance"": 0, ""label"": 0, ""scores"": [0, 0, 0, 0, 0]}","{""score"": 2.4, ""raw_mean"": 2.4, ""mean"": 2.4, ""variance"": 0.3, ""label"": 0, ""scores"": [2, 3, 2, 3, 2]}",2-1-6250
2,6173,False,False,False,False,False,97756__6173__65779.jpg,project,"{""R"": 0, ""L"": 0, ""M"": 0, ""P"": 0, ""H"": 0}","{""a"": 3, ""m"": 3, ""t"": 3, ""p"": 3, ""r"": 0}","{""score"": 0, ""raw_mean"": 0, ""mean_all"": 0, ""variance"": 0, ""label"": 0, ""scores"": [0, 0, 0, 0, 0]}","{""score"": 2.4, ""raw_mean"": 2.4, ""mean"": 2.4, ""variance"": 1.8, ""label"": 0, ""scores"": [3, 3, 3, 3, 0]}",2-2-6173
1,4180,False,False,False,False,False,96695__4180__59669.jpg,project,"{""R"": 0, ""L"": 0, ""M"": 0, ""P"": 0, ""H"": 0}","{""a"": 3, ""m"": 2, ""t"": 2, ""p"": 2, ""r"": 3}","{""score"": 0, ""raw_mean"": 0, ""mean_all"": 0, ""variance"": 0, ""label"": 0, ""scores"": [0, 0, 0, 0, 0]}","{""score"": 2.4, ""raw_mean"": 2.4, ""mean"": 2.4, ""variance"": 0.3, ""label"": 0, ""scores"": [3, 2, 2, 2, 3]}",2-1-4180
2,620,False,False,False,False,False,62156__620__65126.jpg,project,"{""R"": 0, ""L"": 0, ""M"": 0, ""P"": 0, ""H"": 0}","{""a"": 3, ""m"": 2, ""t"": 2, ""p"": 2, ""r"": 3}","{""score"": 0, ""raw_mean"": 0, ""mean_all"": 0, ""variance"": 0, ""label"": 0, ""scores"": [0, 0, 0, 0, 0]}","{""score"": 2.4, ""raw_mean"": 2.4, ""mean"": 2.4, ""variance"": 0.3, ""label"": 0, ""scores"": [3, 2, 2, 2, 3]}",2-2-620
1,4705,False,False,False,False,False,47535__4705__53574.jpg,project,"{""R"": 0, ""L"": 0, ""M"": 0, ""P"": 0, ""H"": 0}","{""a"": 3, ""m"": 3, ""t"": 0, ""p"": 3, ""r"": 3}","{""score"": 0, ""raw_mean"": 0, ""mean_all"": 0, ""variance"": 0, ""label"": 0, ""scores"": [0, 0, 0, 0, 0]}","{""score"": 2.4, ""raw_mean"": 2.4, ""mean"": 2.4, ""variance"": 1.8, ""label"": 0, ""scores"": [3, 3, 0, 3, 3]}",2-1-4705
1,5850,False,False,False,False,False,42516__5850__61524.jpg,project,"{""R"": 0, ""L"": 0, ""M"": 0, ""P"": 0, ""H"": 0}","{""a"": 2, ""m"": 2, ""t"": 3, ""p"": 2, ""r"": 2}","{""score"": 0, ""raw_mean"": 0, ""mean_all"": 0, ""variance"": 0, ""label"": 0, ""scores"": [0, 0, 0, 0, 0]}","{""score"": 2.2, ""raw_mean"": 2.2, ""mean"": 2.2, ""variance"": 0.2, ""label"": 0, ""scores"": [2, 2, 3, 2, 2]}",2-1-5850
1,4057,False,False,False,False,False,64846__4057__64846.jpg,project,"{""R"": 0, ""L"": 0, ""M"": 0, ""P"": 0, ""H"": 0}","{""a"": 3, ""m"": 2, ""t"": 2, ""p"": 2, ""r"": 2}","{""score"": 0, ""raw_mean"": 0, ""mean_all"": 0, ""variance"": 0, ""label"": 0, ""scores"": [0, 0, 0, 0, 0]}","{""score"": 2.2, ""raw_mean"": 2.2, ""mean"": 2.2, ""variance"": 0.2, ""label"": 0, ""scores"": [3, 2, 2, 2, 2]}",2-1-4057
1,6172,False,False,False,False,False,16436__6172__63461.jpg,project,"{""R"": 0, ""L"": 0, ""M"": 0, ""P"": 0, ""H"": 0}","{""a"": 2, ""m"": 2, ""t"": 2, ""p"": 2, ""r"": 3}","{""score"": 0, ""raw_mean"": 0, ""mean_all"": 0, ""variance"": 0, ""label"": 0, ""scores"": [0, 0, 0, 0, 0]}","{""score"": 2.2, ""raw_mean"": 2.2, ""mean"": 2.2, ""variance"": 0.2, ""label"": 0, ""scores"": [2, 2, 2, 2, 3]}",2-1-6172
1,450,False,False,False,False,False,43606__450__60634.jpg,project,"{""R"": 0, ""L"": 0, ""M"": 0, ""P"": 0, ""H"": 0}","{""a"": 3, ""m"": 3, ""t"": 2, ""p"": 3, ""r"": 0}","{""score"": 0, ""raw_mean"": 0, ""mean_all"": 0, ""variance"": 0, ""label"": 0, ""scores"": [0, 0, 0, 0, 0]}","{""score"": 2.2, ""raw_mean"": 2.2, ""mean"": 2.2, ""variance"": 1.7, ""label"": 0, ""scores"": [3, 3, 2, 3, 0]}",2-1-450
2,68,False,False,False,False,False,33375__68__57333.jpg,project,"{""R"": 0, ""L"": 0, ""M"": 0, ""P"": 0, ""H"": 0}","{""a"": 2, ""m"": 2, ""t"": 3, ""p"": 2, ""r"": 2}","{""score"": 0, ""raw_mean"": 0, ""mean_all"": 0, ""variance"": 0, ""label"": 0, ""scores"": [0, 0, 0, 0, 0]}","{""score"": 2.2, ""raw_mean"": 2.2, ""mean"": 2.2, ""variance"": 0.2, ""label"": 0, ""scores"": [2, 2, 3, 2, 2]}",2-2-68
1,6173,False,False,False,False,False,74656__6173__65647.jpg,project,"{""R"": 0, ""L"": 0, ""M"": 0, ""P"": 0, ""H"": 0}","{""a"": 2, ""m"": 2, ""t"": 3, ""p"": 2, ""r"": 2}","{""score"": 0, ""raw_mean"": 0, ""mean_all"": 0, ""variance"": 0, ""label"": 0, ""scores"": [0, 0, 0, 0, 0]}","{""score"": 2.2, ""raw_mean"": 2.2, ""mean"": 2.2, ""variance"": 0.2, ""label"": 0, ""scores"": [2, 2, 3, 2, 2]}",2-1-6173
1,5828,False,False,False,False,False,15545__5828__54551.jpg,project,"{""R"": 0, ""L"": 0, ""M"": 0, ""P"": 0, ""H"": 0}","{""a"": 1, ""m"": 3, ""t"": 2, ""p"": 2, ""r"": 3}","{""score"": 0, ""raw_mean"": 0, ""mean_all"": 0, ""variance"": 0, ""label"": 0, ""scores"": [0, 0, 0, 0, 0]}","{""score"": 2.2, ""raw_mean"": 2.2, ""mean"": 2.2, ""variance"": 0.7, ""label"": 0, ""scores"": [1, 3, 2, 2, 3]}",2-1-5828
1,620,False,False,False,False,False,81156__620__65118.jpg,project,"{""R"": 0, ""L"": 0, ""M"": 0, ""P"": 0, ""H"": 0}","{""a"": 3, ""m"": 2, ""t"": 2, ""p"": 2, ""r"": 2}","{""score"": 0, ""raw_mean"": 0, ""mean_all"": 0, ""variance"": 0, ""label"": 0, ""scores"": [0, 0, 0, 0, 0]}","{""score"": 2.2, ""raw_mean"": 2.2, ""mean"": 2.2, ""variance"": 0.2, ""label"": 0, ""scores"": [3, 2, 2, 2, 2]}",2-1-620
2,5796,False,False,False,False,False,81255__5796__55218.jpg,project,"{""R"": 0, ""L"": 0, ""M"": 0, ""P"": 0, ""H"": 0}","{""a"": 2, ""m"": 2, ""t"": 3, ""p"": 2, ""r"": 2}","{""score"": 0, ""raw_mean"": 0, ""mean_all"": 0, ""variance"": 0, ""label"": 0, ""scores"": [0, 0, 0, 0, 0]}","{""score"": 2.2, ""raw_mean"": 2.2, ""mean"": 2.2, ""variance"": 0.2, ""label"": 0, ""scores"": [2, 2, 3, 2, 2]}",2-2-5796
1,5796,False,False,False,False,False,89155__5796__55198.jpg,project,"{""R"": 0, ""L"": 0, ""M"": 0, ""P"": 0, ""H"": 0}","{""a"": 2, ""m"": 2, ""t"": 3, ""p"": 2, ""r"": 2}","{""score"": 0, ""raw_mean"": 0, ""mean_all"": 0, ""variance"": 0, ""label"": 0, ""scores"": [0, 0, 0, 0, 0]}","{""score"": 2.2, ""raw_mean"": 2.2, ""mean"": 2.2, ""variance"": 0.2, ""label"": 0, ""scores"": [2, 2, 3, 2, 2]}",2-1-5796
1,6100,False,False,False,False,False,70116__6100__61107.jpg,project,"{""R"": 0, ""L"": 0, ""M"": 0, ""P"": 0, ""H"": 0}","{""a"": 2, ""m"": 2, ""t"": 2, ""p"": 2, ""r"": 2}","{""score"": 0, ""raw_mean"": 0, ""mean_all"": 0, ""variance"": 0, ""label"": 0, ""scores"": [0, 0, 0, 0, 0]}","{""score"": 2, ""raw_mean"": 2, ""mean"": 2, ""variance"": 0, ""label"": 0, ""scores"": [2, 2, 2, 2, 2]}",2-1-6100
1,5980,False,False,False,False,False,62856__5980__65826.jpg,project,"{""R"": 0, ""L"": 0, ""M"": 0, ""P"": 0, ""H"": 0}","{""a"": 2, ""m"": 2, ""t"": 2, ""p"": 2, ""r"": 2}","{""score"": 0, ""raw_mean"": 0, ""mean_all"": 0, ""variance"": 0, ""label"": 0, ""scores"": [0, 0, 0, 0, 0]}","{""score"": 2, ""raw_mean"": 2, ""mean"": 2, ""variance"": 0, ""label"": 0, ""scores"": [2, 2, 2, 2, 2]}",2-1-5980
1,6182,False,False,False,False,False,07756__6182__65770.jpg,project,"{""R"": 0, ""L"": 0, ""M"": 0, ""P"": 0, ""H"": 0}","{""a"": 2, ""m"": 2, ""t"": 2, ""p"": 2, ""r"": 2}","{""score"": 0, ""raw_mean"": 0, ""mean_all"": 0, ""variance"": 0, ""label"": 0, ""scores"": [0, 0, 0, 0, 0]}","{""score"": 2, ""raw_mean"": 2, ""mean"": 2, ""variance"": 0, ""label"": 0, ""scores"": [2, 2, 2, 2, 2]}",2-1-6182
1,6188,False,False,False,False,False,24536__6188__63542.jpg,project,"{""R"": 0, ""L"": 0, ""M"": 0, ""P"": 0, ""H"": 0}","{""a"": 2, ""m"": 1, ""t"": 2, ""p"": 2, ""r"": 2}","{""score"": 0, ""raw_mean"": 0, ""mean_all"": 0, ""variance"": 0, ""label"": 0, ""scores"": [0, 0, 0, 0, 0]}","{""score"": 1.8, ""raw_mean"": 1.8, ""mean"": 1.8, ""variance"": 0.2, ""label"": 0, ""scores"": [2, 1, 2, 2, 2]}",1-1-6188
1,3695,False,False,False,False,False,47065__3695__56074.jpg,project,"{""R"": 0, ""L"": 0, ""M"": 0, ""P"": 0, ""H"": 0}","{""a"": 3, ""m"": 1, ""t"": 1, ""p"": 2, ""r"": 2}","{""score"": 0, ""raw_mean"": 0, ""mean_all"": 0, ""variance"": 0, ""label"": 0, ""scores"": [0, 0, 0, 0, 0]}","{""score"": 1.8, ""raw_mean"": 1.8, ""mean"": 1.8, ""variance"": 0.7, ""label"": 0, ""scores"": [3, 1, 1, 2, 2]}",1-1-3695
1,6201,False,False,False,False,False,48936__6201__63984.jpg,project,"{""R"": 0, ""L"": 0, ""M"": 0, ""P"": 0, ""H"": 0}","{""a"": 2, ""m"": 1, ""t"": 2, ""p"": 2, ""r"": 2}","{""score"": 0, ""raw_mean"": 0, ""mean_all"": 0, ""variance"": 0, ""label"": 0, ""scores"": [0, 0, 0, 0, 0]}","{""score"": 1.8, ""raw_mean"": 1.8, ""mean"": 1.8, ""variance"": 0.2, ""label"": 0, ""scores"": [2, 1, 2, 2, 2]}",1-1-6201
2,6188,False,False,False,False,False,15536__6188__63551.jpg,project,"{""R"": 0, ""L"": 0, ""M"": 0, ""P"": 0, ""H"": 0}","{""a"": 3, ""m"": 2, ""t"": 3, ""p"": 0, ""r"": 0}","{""score"": 0, ""raw_mean"": 0, ""mean_all"": 0, ""variance"": 0, ""label"": 0, ""scores"": [0, 0, 0, 0, 0]}","{""score"": 1.6, ""raw_mean"": 1.6, ""mean"": 1.6, ""variance"": 2.3, ""label"": 0, ""scores"": [3, 2, 3, 0, 0]}",1-2-6188
1,9,False,False,False,False,False,66035__9__53066.jpg,project,"{""R"": 0, ""L"": 0, ""M"": 0, ""P"": 0, ""H"": 0}","{""a"": 1, ""m"": 0, ""t"": 0, ""p"": 0, ""r"": 0}","{""score"": 0, ""raw_mean"": 0, ""mean_all"": 0, ""variance"": 0, ""label"": 0, ""scores"": [0, 0, 0, 0, 0]}","{""score"": 0.2, ""raw_mean"": 0.2, ""mean"": 0.2, ""variance"": 0.2, ""label"": 0, ""scores"": [1, 0, 0, 0, 0]}",0-1-9
