"File,name",Folder,Path,Flag,Label,Rating,"Color,Name",Caption,Title
22335__2509__53322.jpg,19.4-2509,/Volumes/NLPASCRATCH/NLPA-2025-finals-rawchecking/Primary (grade all)/portfolio/19.4-2509/22335__2509__53322.jpg,0,Green,* * * * ,green,"R5.L2.M5.P5.H2 N5.Y5.T5.A5.J5
country=nan",s4 m3.80 r5.00 v2.70
74506__2625__60547.jpg,20.8-2625,/Volumes/NLPASCRATCH/NLPA-2025-finals-rawchecking/Primary (grade all)/portfolio/20.8-2625/74506__2625__60547.jpg,1,Purple,* * * * ,purple,"R5.L2.M5.P3.H5 N3.Y4.T4.A4.J4
country=NO",POTY - Sixth Place
92865__5944__56829.jpg,19.2-5944,/Volumes/NLPASCRATCH/NLPA-2025-finals-rawchecking/Primary (grade all)/portfolio/19.2-5944/92865__5944__56829.jpg,0,Grey,* * * * * ,white,"R5.L5.M5.P3.H4 N3.Y4.T5.A4.J4
country=US",s5 m4.40 r5.00 v0.80
05506__2625__60550.jpg,20.8-2625,/Volumes/NLPASCRATCH/NLPA-2025-finals-rawchecking/Primary (grade all)/portfolio/20.8-2625/05506__2625__60550.jpg,1,Purple,* * * ,purple,"R4.L3.M4.P5.H5 N3.Y5.T5.A5.J5
country=NO",POTY - Sixth Place
88595__2625__59588.jpg,20.8-2625,/Volumes/NLPASCRATCH/NLPA-2025-finals-rawchecking/Primary (grade all)/portfolio/20.8-2625/88595__2625__59588.jpg,1,Purple,* * * ,purple,"R5.L3.M5.P3.H4 N3.Y4.T4.A4.J4
country=NO",POTY - Sixth Place
35555__2198__55553.jpg,19.0-2198,/Volumes/NLPASCRATCH/NLPA-2025-finals-rawchecking/Primary (grade all)/portfolio/19.0-2198/35555__2198__55553.jpg,0,Green,* * * ,green,"R5.L3.M4.P5.H4 N5.Y5.T5.A5.J5
country=AU",s3 m4.20 r4.67 v0.70
04726__1821__62740.jpg,19.4-1821,/Volumes/NLPASCRATCH/NLPA-2025-finals-rawchecking/Primary (grade all)/portfolio/19.4-1821/04726__1821__62740.jpg,0,Grey,* * * ,white,"R5.L5.M4.P3.H2 N4.Y4.T5.A4.J4
country=nan",s3 m3.80 r4.67 v1.70
85306__3652__60358.jpg,19.8-3652,/Volumes/NLPASCRATCH/NLPA-2025-finals-rawchecking/Primary (grade all)/portfolio/19.8-3652/85306__3652__60358.jpg,0,Blue,* * * ,blue,"R5.L3.M5.P1.H1 N3.Y4.T3.A4.J4
country=CZ",s3 m3.00 r4.33 v4.00
15306__3652__60351.jpg,19.8-3652,/Volumes/NLPASCRATCH/NLPA-2025-finals-rawchecking/Primary (grade all)/portfolio/19.8-3652/15306__3652__60351.jpg,0,Blue,* * ,blue,"R4.L3.M3.P5.H4 N4.Y4.T4.A4.J4
country=CZ",s2 m3.80 r4.33 v0.70
09716__6113__61790.jpg,19.5-6113,/Volumes/NLPASCRATCH/NLPA-2025-finals-rawchecking/Primary (grade all)/portfolio/19.5-6113/09716__6113__61790.jpg,0,Green,* * ,green,"R4.L5.M3.P2.H4 N4.Y4.T4.A4.J4
country=CZ",s2 m3.60 r4.33 v1.30
12695__2625__59621.jpg,20.8-2625,/Volumes/NLPASCRATCH/NLPA-2025-finals-rawchecking/Primary (grade all)/portfolio/20.8-2625/12695__2625__59621.jpg,1,Purple,* * * ,purple,"R5.L2.M5.P3.H3 N3.Y4.T4.A5.J4
country=NO",POTY - Sixth Place
09775__5962__57790.jpg,19.4-5962,/Volumes/NLPASCRATCH/NLPA-2025-finals-rawchecking/Primary (grade all)/portfolio/19.4-5962/09775__5962__57790.jpg,0,Grey,* * ,white,"R3.L4.M4.P3.H5 N3.Y5.T3.A5.J5
country=FR",s2 m3.80 r4.33 v0.70
90785__2709__58709.jpg,20.6-2709,/Volumes/NLPASCRATCH/NLPA-2025-finals-rawchecking/Primary (grade all)/portfolio/20.6-2709/90785__2709__58709.jpg,0,Green,* * ,green,"R4.L3.M5.P2.H4 N3.Y4.T4.A4.J4
country=CZ",s2 m3.60 r4.33 v1.30
60785__2709__58706.jpg,20.6-2709,/Volumes/NLPASCRATCH/NLPA-2025-finals-rawchecking/Primary (grade all)/portfolio/20.6-2709/60785__2709__58706.jpg,0,Green,* * ,green,"R5.L1.M4.P2.H4 N3.Y4.T4.A4.J4
country=CZ",s2 m3.20 r4.33 v2.70
35206__4360__60253.jpg,19.8-4360,/Volumes/NLPASCRATCH/NLPA-2025-finals-rawchecking/Primary (grade all)/portfolio/19.8-4360/35206__4360__60253.jpg,1,Purple,* * * ,purple,"R5.L1.M5.P3.H1 N2.Y4.T3.A4.J4
country=AU",POTY - Winner
53206__4360__60235.jpg,19.8-4360,/Volumes/NLPASCRATCH/NLPA-2025-finals-rawchecking/Primary (grade all)/portfolio/19.8-4360/53206__4360__60235.jpg,0,Yellow,* * * ,yellow,"R5.L5.M3.P2.H1 N2.Y4.T4.A4.J4
country=AU",s3 m3.20 r4.33 v3.20
07585__670__58570.jpg,20.0-670,/Volumes/NLPASCRATCH/NLPA-2025-finals-rawchecking/Primary (grade all)/portfolio/20.0-670/07585__670__58570.jpg,1,Purple,* * ,purple,"R5.L4.M3.P4.H2 N4.Y5.T4.A5.J5
country=CA",POTY - Third Place
64045__5815__54046.jpg,21.8-5815,/Volumes/NLPASCRATCH/NLPA-2025-finals-rawchecking/Primary (grade all)/portfolio/21.8-5815/64045__5815__54046.jpg,1,Purple,* * ,purple,"R5.L4.M4.P4.H2 N3.Y4.T4.A4.J4
country=nan",POTY - Runner Up
10685__5815__58601.jpg,21.8-5815,/Volumes/NLPASCRATCH/NLPA-2025-finals-rawchecking/Primary (grade all)/portfolio/21.8-5815/10685__5815__58601.jpg,1,Purple,* * ,purple,"R5.L4.M4.P2.H4 N5.Y5.T4.A4.J5
country=nan",POTY - Runner Up
90885__2832__58809.jpg,19.1-2832,/Volumes/NLPASCRATCH/NLPA-2025-finals-rawchecking/Primary (grade all)/portfolio/19.1-2832/90885__2832__58809.jpg,0,Green,* * ,green,"R4.L5.M0.P4.H3 N3.Y4.T4.A4.J4
country=US",s2 m3.20 r4.33 v3.70
35306__3652__60353.jpg,19.8-3652,/Volumes/NLPASCRATCH/NLPA-2025-finals-rawchecking/Primary (grade all)/portfolio/19.8-3652/35306__3652__60353.jpg,0,Blue,* ,blue,"R4.L3.M4.P3.H4 N3.Y4.T4.A4.J4
country=CZ",s1 m3.60 r4.00 v0.30
31185__2972__58113.jpg,19.9-2972,/Volumes/NLPASCRATCH/NLPA-2025-finals-rawchecking/Primary (grade all)/portfolio/19.9-2972/31185__2972__58113.jpg,0,Green,* * ,green,"R3.L2.M4.P5.H2 N3.Y4.T4.A4.J4
country=IS",s2 m3.20 r4.00 v1.70
21185__2972__58112.jpg,19.9-2972,/Volumes/NLPASCRATCH/NLPA-2025-finals-rawchecking/Primary (grade all)/portfolio/19.9-2972/21185__2972__58112.jpg,0,Green,* ,green,"R4.L2.M4.P3.H4 N3.Y4.T3.A4.J4
country=IS",s1 m3.40 r4.00 v0.80
74926__6113__62947.jpg,19.5-6113,/Volumes/NLPASCRATCH/NLPA-2025-finals-rawchecking/Primary (grade all)/portfolio/19.5-6113/74926__6113__62947.jpg,1,Purple,* * ,purple,"R3.L3.M5.P3.H4 N4.Y4.T3.A4.J4
country=CZ",POTY - Fifth Place
78775__5962__57787.jpg,19.4-5962,/Volumes/NLPASCRATCH/NLPA-2025-finals-rawchecking/Primary (grade all)/portfolio/19.4-5962/78775__5962__57787.jpg,0,Green,* ,green,"R1.L4.M4.P3.H4 N3.Y4.T4.A4.J4
country=FR",s1 m3.20 r4.00 v1.70
19775__5962__57791.jpg,19.4-5962,/Volumes/NLPASCRATCH/NLPA-2025-finals-rawchecking/Primary (grade all)/portfolio/19.4-5962/19775__5962__57791.jpg,0,Red,* * ,red,"R1.L5.M3.P3.H4 N3.Y5.T5.A5.J5
country=FR",s2 m3.20 r4.00 v2.20
11785__2709__58711.jpg,20.6-2709,/Volumes/NLPASCRATCH/NLPA-2025-finals-rawchecking/Primary (grade all)/portfolio/20.6-2709/11785__2709__58711.jpg,0,Green,* ,green,"R4.L3.M4.P2.H4 N4.Y4.T4.A4.J4
country=CZ",s1 m3.40 r4.00 v0.80
75146__1375__64157.jpg,19.8-1375,/Volumes/NLPASCRATCH/NLPA-2025-finals-rawchecking/Primary (grade all)/portfolio/19.8-1375/75146__1375__64157.jpg,0,Green,* ,green,"R2.L4.M4.P4.H2 N3.Y4.T2.A4.J4
country=US",s1 m3.20 r4.00 v1.20
36585__670__58563.jpg,20.0-670,/Volumes/NLPASCRATCH/NLPA-2025-finals-rawchecking/Primary (grade all)/portfolio/20.0-670/36585__670__58563.jpg,1,Purple,* * ,purple,"R4.L2.M3.P2.H5 N4.Y4.T3.A4.J4
country=CA",POTY - Third Place
49785__5815__58794.jpg,21.8-5815,/Volumes/NLPASCRATCH/NLPA-2025-finals-rawchecking/Primary (grade all)/portfolio/21.8-5815/49785__5815__58794.jpg,1,Purple,* ,purple,"R4.L4.M1.P4.H4 N4.Y5.T5.A4.J5
country=nan",POTY - Runner Up
20685__5815__58602.jpg,21.8-5815,/Volumes/NLPASCRATCH/NLPA-2025-finals-rawchecking/Primary (grade all)/portfolio/21.8-5815/20685__5815__58602.jpg,1,Purple,* * * ,purple,"R5.L2.M5.P1.H2 N3.Y4.T5.A3.J4
country=nan",POTY - Runner Up
54726__1821__62745.jpg,19.4-1821,/Volumes/NLPASCRATCH/NLPA-2025-finals-rawchecking/Primary (grade all)/portfolio/19.4-1821/54726__1821__62745.jpg,0,Blue,* * * ,blue,"R5.L2.M5.P2.H1 N3.Y4.T4.A4.J4
country=nan",s3 m3.00 r4.00 v3.50
49595__3938__59594.jpg,19.3-3938,/Volumes/NLPASCRATCH/NLPA-2025-finals-rawchecking/Primary (grade all)/portfolio/19.3-3938/49595__3938__59594.jpg,0,Green,* * ,green,"R3.L5.M3.P2.H4 N5.Y5.T5.A4.J5
country=nan",s2 m3.40 r4.00 v1.30
32335__2509__53323.jpg,19.4-2509,/Volumes/NLPASCRATCH/NLPA-2025-finals-rawchecking/Primary (grade all)/portfolio/19.4-2509/32335__2509__53323.jpg,0,Grey,,white,"R4.L4.M3.P2.H2 N3.Y4.T4.A4.J4
country=nan",s0 m3.00 r3.67 v1.00
71185__2972__58117.jpg,19.9-2972,/Volumes/NLPASCRATCH/NLPA-2025-finals-rawchecking/Primary (grade all)/portfolio/19.9-2972/71185__2972__58117.jpg,0,Green,* ,green,"R4.L2.M3.P3.H4 N3.Y4.T5.A4.J4
country=IS",s1 m3.20 r3.67 v0.70
39716__6113__61793.jpg,19.5-6113,/Volumes/NLPASCRATCH/NLPA-2025-finals-rawchecking/Primary (grade all)/portfolio/19.5-6113/39716__6113__61793.jpg,1,Purple,* ,purple,"R4.L3.M3.P2.H4 N4.Y4.T4.A4.J4
country=CZ",POTY - Fifth Place
70785__2709__58707.jpg,20.6-2709,/Volumes/NLPASCRATCH/NLPA-2025-finals-rawchecking/Primary (grade all)/portfolio/20.6-2709/70785__2709__58707.jpg,0,Green,* * ,green,"R3.L2.M5.P2.H3 N2.Y4.T4.A4.J4
country=CZ",s2 m3.00 r3.67 v1.50
30785__2709__58703.jpg,20.6-2709,/Volumes/NLPASCRATCH/NLPA-2025-finals-rawchecking/Primary (grade all)/portfolio/20.6-2709/30785__2709__58703.jpg,0,Grey,* * ,white,"R5.L2.M4.P2.H2 N3.Y4.T3.A4.J4
country=CZ",s2 m3.00 r3.67 v2.00
86146__1375__64168.jpg,19.8-1375,/Volumes/NLPASCRATCH/NLPA-2025-finals-rawchecking/Primary (grade all)/portfolio/19.8-1375/86146__1375__64168.jpg,1,Purple,,purple,"R4.L1.M3.P4.H3 N3.Y4.T5.A4.J4
country=US",POTY - Fourth Place
05555__2198__55550.jpg,19.0-2198,/Volumes/NLPASCRATCH/NLPA-2025-finals-rawchecking/Primary (grade all)/portfolio/19.0-2198/05555__2198__55550.jpg,0,Grey,* * ,white,"R5.L3.M3.P3.H2 N3.Y4.T4.A4.J4
country=AU",s2 m3.20 r3.67 v1.20
16206__4360__60261.jpg,19.8-4360,/Volumes/NLPASCRATCH/NLPA-2025-finals-rawchecking/Primary (grade all)/portfolio/19.8-4360/16206__4360__60261.jpg,0,Grey,,white,"R1.L3.M4.P2.H4 N3.Y4.T2.A4.J4
country=AU",s0 m2.80 r3.67 v1.70
65206__4360__60256.jpg,19.8-4360,/Volumes/NLPASCRATCH/NLPA-2025-finals-rawchecking/Primary (grade all)/portfolio/19.8-4360/65206__4360__60256.jpg,0,Grey,,white,"R3.L2.M4.P2.H4 N4.Y4.T5.A4.J4
country=AU",s0 m3.00 r3.67 v1.00
34045__5815__54043.jpg,21.8-5815,/Volumes/NLPASCRATCH/NLPA-2025-finals-rawchecking/Primary (grade all)/portfolio/21.8-5815/34045__5815__54043.jpg,1,Purple,* * ,purple,"R5.L2.M4.P2.H1 N3.Y4.T4.A4.J4
country=nan",POTY - Runner Up
05865__5944__56850.jpg,19.2-5944,/Volumes/NLPASCRATCH/NLPA-2025-finals-rawchecking/Primary (grade all)/portfolio/19.2-5944/05865__5944__56850.jpg,0,Grey,,white,"R4.L4.M3.P1.H2 N4.Y4.T4.A4.J4
country=US",s0 m2.80 r3.67 v1.70
25206__2832__60252.jpg,19.1-2832,/Volumes/NLPASCRATCH/NLPA-2025-finals-rawchecking/Primary (grade all)/portfolio/19.1-2832/25206__2832__60252.jpg,0,Green,* * ,green,"R5.L2.M4.P1.H2 N3.Y4.T4.A4.J4
country=US",s2 m2.80 r3.67 v2.70
52335__2509__53325.jpg,19.4-2509,/Volumes/NLPASCRATCH/NLPA-2025-finals-rawchecking/Primary (grade all)/portfolio/19.4-2509/52335__2509__53325.jpg,0,Grey,,white,"R4.L2.M4.P1.H1 N3.Y4.T4.A3.J4
country=nan",s0 m2.40 r3.33 v2.30
12335__2509__53321.jpg,19.4-2509,/Volumes/NLPASCRATCH/NLPA-2025-finals-rawchecking/Primary (grade all)/portfolio/19.4-2509/12335__2509__53321.jpg,0,Grey,,white,"R4.L3.M3.P2.H2 N4.Y4.T4.A4.J4
country=nan",s0 m2.80 r3.33 v0.70
51185__2972__58115.jpg,19.9-2972,/Volumes/NLPASCRATCH/NLPA-2025-finals-rawchecking/Primary (grade all)/portfolio/19.9-2972/51185__2972__58115.jpg,0,Green,* * ,green,"R5.L3.M2.P2.H2 N3.Y4.T3.A4.J4
country=IS",s2 m2.80 r3.33 v1.70
68716__6113__61786.jpg,19.5-6113,/Volumes/NLPASCRATCH/NLPA-2025-finals-rawchecking/Primary (grade all)/portfolio/19.5-6113/68716__6113__61786.jpg,1,Purple,* * ,purple,"R2.L1.M5.P3.H2 N3.Y4.T3.A4.J4
country=CZ",POTY - Fifth Place
20785__2709__58702.jpg,20.6-2709,/Volumes/NLPASCRATCH/NLPA-2025-finals-rawchecking/Primary (grade all)/portfolio/20.6-2709/20785__2709__58702.jpg,0,Grey,,white,"R3.L3.M4.P2.H2 N3.Y4.T4.A4.J4
country=CZ",s0 m2.80 r3.33 v0.70
27146__1375__64172.jpg,19.8-1375,/Volumes/NLPASCRATCH/NLPA-2025-finals-rawchecking/Primary (grade all)/portfolio/19.8-1375/27146__1375__64172.jpg,1,Purple,,purple,"R3.L3.M3.P1.H4 N4.Y5.T5.A4.J5
country=US",POTY - Fourth Place
36146__1375__64163.jpg,19.8-1375,/Volumes/NLPASCRATCH/NLPA-2025-finals-rawchecking/Primary (grade all)/portfolio/19.8-1375/36146__1375__64163.jpg,1,Purple,,purple,"R3.L3.M4.P3.H2 N4.Y4.T3.A4.J4
country=US",POTY - Fourth Place
16146__1375__64161.jpg,19.8-1375,/Volumes/NLPASCRATCH/NLPA-2025-finals-rawchecking/Primary (grade all)/portfolio/19.8-1375/16146__1375__64161.jpg,0,Grey,,white,"R4.L2.M1.P3.H3 N4.Y4.T3.A4.J4
country=US",s0 m2.60 r3.33 v1.30
36206__4360__60263.jpg,19.8-4360,/Volumes/NLPASCRATCH/NLPA-2025-finals-rawchecking/Primary (grade all)/portfolio/19.8-4360/36206__4360__60263.jpg,1,Purple,,purple,"R3.L2.M4.P1.H3 N5.Y4.T4.A4.J4
country=AU",POTY - Winner
05206__4360__60250.jpg,19.8-4360,/Volumes/NLPASCRATCH/NLPA-2025-finals-rawchecking/Primary (grade all)/portfolio/19.8-4360/05206__4360__60250.jpg,1,Purple,* * ,purple,"R2.L1.M5.P3.H2 N4.Y4.T3.A4.J4
country=AU",POTY - Winner
27585__670__58572.jpg,20.0-670,/Volumes/NLPASCRATCH/NLPA-2025-finals-rawchecking/Primary (grade all)/portfolio/20.0-670/27585__670__58572.jpg,1,Purple,* * ,purple,"R5.L2.M3.P2.H2 N5.Y5.T3.A5.J5
country=CA",POTY - Third Place
06585__670__58560.jpg,20.0-670,/Volumes/NLPASCRATCH/NLPA-2025-finals-rawchecking/Primary (grade all)/portfolio/20.0-670/06585__670__58560.jpg,1,Purple,,purple,"R4.L1.M3.P3.H1 N3.Y4.T3.A3.J4
country=CA",POTY - Third Place
40685__5815__58604.jpg,21.8-5815,/Volumes/NLPASCRATCH/NLPA-2025-finals-rawchecking/Primary (grade all)/portfolio/21.8-5815/40685__5815__58604.jpg,1,Purple,,purple,"R4.L3.M3.P2.H3 N4.Y4.T3.A4.J4
country=nan",POTY - Runner Up
30685__5815__58603.jpg,21.8-5815,/Volumes/NLPASCRATCH/NLPA-2025-finals-rawchecking/Primary (grade all)/portfolio/21.8-5815/30685__5815__58603.jpg,0,Grey,,white,"R4.L3.M2.P3.H2 N3.Y4.T4.A4.J4
country=nan",s0 m2.80 r3.33 v0.70
14045__5815__54041.jpg,21.8-5815,/Volumes/NLPASCRATCH/NLPA-2025-finals-rawchecking/Primary (grade all)/portfolio/21.8-5815/14045__5815__54041.jpg,0,Green,* * ,green,"R1.L2.M5.P3.H0 N2.Y4.T2.A4.J4
country=nan",s2 m2.20 r3.33 v3.70
84865__5944__56848.jpg,19.2-5944,/Volumes/NLPASCRATCH/NLPA-2025-finals-rawchecking/Primary (grade all)/portfolio/19.2-5944/84865__5944__56848.jpg,0,Grey,,white,"R3.L3.M2.P4.H2 N3.Y4.T4.A4.J4
country=US",s0 m2.80 r3.33 v0.70
64726__1821__62746.jpg,19.4-1821,/Volumes/NLPASCRATCH/NLPA-2025-finals-rawchecking/Primary (grade all)/portfolio/19.4-1821/64726__1821__62746.jpg,0,Blue,* * ,blue,"R3.L2.M2.P2.H5 N4.Y4.T5.A4.J4
country=nan",s2 m2.80 r3.33 v1.70
93726__1821__62739.jpg,19.4-1821,/Volumes/NLPASCRATCH/NLPA-2025-finals-rawchecking/Primary (grade all)/portfolio/19.4-1821/93726__1821__62739.jpg,0,Grey,,white,"R2.L3.M3.P2.H4 N3.Y4.T5.A4.J4
country=nan",s0 m2.80 r3.33 v0.70
79595__3938__59597.jpg,19.3-3938,/Volumes/NLPASCRATCH/NLPA-2025-finals-rawchecking/Primary (grade all)/portfolio/19.3-3938/79595__3938__59597.jpg,0,Grey,,white,"R1.L2.M3.P3.H4 N4.Y5.T5.A5.J5
country=nan",s0 m2.60 r3.33 v1.30
01885__2832__58810.jpg,19.1-2832,/Volumes/NLPASCRATCH/NLPA-2025-finals-rawchecking/Primary (grade all)/portfolio/19.1-2832/01885__2832__58810.jpg,0,Grey,,white,"R1.L2.M4.P3.H3 N4.Y4.T4.A4.J4
country=US",s0 m2.60 r3.33 v1.30
45306__3652__60354.jpg,19.8-3652,/Volumes/NLPASCRATCH/NLPA-2025-finals-rawchecking/Primary (grade all)/portfolio/19.8-3652/45306__3652__60354.jpg,0,Grey,,white,"R2.L3.M1.P0.H4 N3.Y4.T5.A4.J4
country=CZ",s0 m2.00 r3.00 v2.50
02185__2972__58120.jpg,19.9-2972,/Volumes/NLPASCRATCH/NLPA-2025-finals-rawchecking/Primary (grade all)/portfolio/19.9-2972/02185__2972__58120.jpg,0,Grey,,white,"R2.L2.M4.P2.H3 N3.Y4.T4.A4.J4
country=IS",s0 m2.60 r3.00 v0.80
90185__2972__58109.jpg,19.9-2972,/Volumes/NLPASCRATCH/NLPA-2025-finals-rawchecking/Primary (grade all)/portfolio/19.9-2972/90185__2972__58109.jpg,0,Grey,,white,"R2.L3.M4.P2.H2 N3.Y4.T4.A4.J4
country=IS",s0 m2.60 r3.00 v0.80
01185__2972__58110.jpg,19.9-2972,/Volumes/NLPASCRATCH/NLPA-2025-finals-rawchecking/Primary (grade all)/portfolio/19.9-2972/01185__2972__58110.jpg,0,Grey,,white,"R3.L2.M0.P3.H3 N3.Y4.T3.A4.J4
country=IS",s0 m2.20 r3.00 v1.70
80785__2709__58708.jpg,20.6-2709,/Volumes/NLPASCRATCH/NLPA-2025-finals-rawchecking/Primary (grade all)/portfolio/20.6-2709/80785__2709__58708.jpg,0,Grey,,white,"R4.L1.M3.P2.H1 N3.Y4.T3.A3.J4
country=CZ",s0 m2.20 r3.00 v1.70
26146__1375__64162.jpg,19.8-1375,/Volumes/NLPASCRATCH/NLPA-2025-finals-rawchecking/Primary (grade all)/portfolio/19.8-1375/26146__1375__64162.jpg,1,Purple,,purple,"R2.L3.M4.P1.H2 N3.Y4.T4.A4.J4
country=US",POTY - Fourth Place
15206__4360__60251.jpg,19.8-4360,/Volumes/NLPASCRATCH/NLPA-2025-finals-rawchecking/Primary (grade all)/portfolio/19.8-4360/15206__4360__60251.jpg,1,Purple,,purple,"R2.L2.M4.P3.H2 N3.Y4.T5.A4.J4
country=AU",POTY - Winner
74865__5944__56847.jpg,19.2-5944,/Volumes/NLPASCRATCH/NLPA-2025-finals-rawchecking/Primary (grade all)/portfolio/19.2-5944/74865__5944__56847.jpg,0,Grey,,white,"R3.L3.M3.P1.H3 N4.Y4.T3.A4.J4
country=US",s0 m2.60 r3.00 v0.80
09595__3938__59590.jpg,19.3-3938,/Volumes/NLPASCRATCH/NLPA-2025-finals-rawchecking/Primary (grade all)/portfolio/19.3-3938/09595__3938__59590.jpg,0,Grey,,white,"R1.L3.M4.P2.H2 N4.Y4.T3.A4.J4
country=nan",s0 m2.40 r3.00 v1.30
46206__2832__60264.jpg,19.1-2832,/Volumes/NLPASCRATCH/NLPA-2025-finals-rawchecking/Primary (grade all)/portfolio/19.1-2832/46206__2832__60264.jpg,0,Grey,,white,"R3.L2.M3.P3.H2 N2.Y4.T4.A4.J4
country=US",s0 m2.60 r3.00 v0.30
80885__2832__58808.jpg,19.1-2832,/Volumes/NLPASCRATCH/NLPA-2025-finals-rawchecking/Primary (grade all)/portfolio/19.1-2832/80885__2832__58808.jpg,0,Grey,,white,"R3.L1.M3.P2.H3 N3.Y4.T5.A4.J4
country=US",s0 m2.40 r3.00 v0.80
43335__2509__53334.jpg,19.4-2509,/Volumes/NLPASCRATCH/NLPA-2025-finals-rawchecking/Primary (grade all)/portfolio/19.4-2509/43335__2509__53334.jpg,0,Grey,,white,"R3.L1.M3.P2.H1 N2.Y4.T2.A4.J4
country=nan",s0 m2.00 r2.67 v1.00
42335__2509__53324.jpg,19.4-2509,/Volumes/NLPASCRATCH/NLPA-2025-finals-rawchecking/Primary (grade all)/portfolio/19.4-2509/42335__2509__53324.jpg,0,Grey,,white,"R2.L1.M3.P3.H2 N3.Y4.T3.A4.J4
country=nan",s0 m2.20 r2.67 v0.70
87216__3652__61278.jpg,19.8-3652,/Volumes/NLPASCRATCH/NLPA-2025-finals-rawchecking/Primary (grade all)/portfolio/19.8-3652/87216__3652__61278.jpg,0,Grey,,white,"R3.L1.M4.P1.H1 N3.Y4.T3.A4.J4
country=CZ",s0 m2.00 r2.67 v2.00
06306__3652__60360.jpg,19.8-3652,/Volumes/NLPASCRATCH/NLPA-2025-finals-rawchecking/Primary (grade all)/portfolio/19.8-3652/06306__3652__60360.jpg,0,Grey,,white,"R4.L2.M2.P2.H2 N3.Y4.T5.A4.J4
country=CZ",s0 m2.40 r2.67 v0.80
55306__3652__60355.jpg,19.8-3652,/Volumes/NLPASCRATCH/NLPA-2025-finals-rawchecking/Primary (grade all)/portfolio/19.8-3652/55306__3652__60355.jpg,0,Grey,,white,"R2.L1.M3.P3.H2 N3.Y4.T4.A4.J4
country=CZ",s0 m2.20 r2.67 v0.70
25306__3652__60352.jpg,19.8-3652,/Volumes/NLPASCRATCH/NLPA-2025-finals-rawchecking/Primary (grade all)/portfolio/19.8-3652/25306__3652__60352.jpg,0,Grey,,white,"R3.L2.M0.P3.H2 N4.Y4.T4.A4.J4
country=CZ",s0 m2.00 r2.67 v1.50
61185__2972__58116.jpg,19.9-2972,/Volumes/NLPASCRATCH/NLPA-2025-finals-rawchecking/Primary (grade all)/portfolio/19.9-2972/61185__2972__58116.jpg,0,Grey,,white,"R2.L1.M4.P2.H1 N2.Y4.T4.A4.J4
country=IS",s0 m2.00 r2.67 v1.50
01785__2709__58710.jpg,20.6-2709,/Volumes/NLPASCRATCH/NLPA-2025-finals-rawchecking/Primary (grade all)/portfolio/20.6-2709/01785__2709__58710.jpg,0,Grey,,white,"R4.L1.M2.P1.H2 N3.Y4.T3.A3.J4
country=CZ",s0 m2.00 r2.67 v1.50
66146__1375__64166.jpg,19.8-1375,/Volumes/NLPASCRATCH/NLPA-2025-finals-rawchecking/Primary (grade all)/portfolio/19.8-1375/66146__1375__64166.jpg,0,Grey,,white,"R3.L2.M2.P3.H1 N3.Y4.T3.A4.J4
country=US",s0 m2.20 r2.67 v0.70
95146__1375__64159.jpg,19.8-1375,/Volumes/NLPASCRATCH/NLPA-2025-finals-rawchecking/Primary (grade all)/portfolio/19.8-1375/95146__1375__64159.jpg,0,Grey,,white,"R3.L3.M2.P1.H1 N2.Y4.T4.A4.J4
country=US",s0 m2.00 r2.67 v1.00
85146__1375__64158.jpg,19.8-1375,/Volumes/NLPASCRATCH/NLPA-2025-finals-rawchecking/Primary (grade all)/portfolio/19.8-1375/85146__1375__64158.jpg,0,Grey,,white,"R2.L3.M3.P1.H2 N3.Y4.T4.A4.J4
country=US",s0 m2.20 r2.67 v0.70
25555__2198__55552.jpg,19.0-2198,/Volumes/NLPASCRATCH/NLPA-2025-finals-rawchecking/Primary (grade all)/portfolio/19.0-2198/25555__2198__55552.jpg,0,Grey,,white,"R2.L2.M3.P3.H2 N2.Y4.T4.A3.J4
country=AU",s0 m2.40 r2.67 v0.30
33426__4360__62433.jpg,19.8-4360,/Volumes/NLPASCRATCH/NLPA-2025-finals-rawchecking/Primary (grade all)/portfolio/19.8-4360/33426__4360__62433.jpg,0,Grey,,white,"R2.L1.M2.P4.H1 N3.Y4.T3.A4.J4
country=AU",s0 m2.00 r2.67 v1.50
17585__670__58571.jpg,20.0-670,/Volumes/NLPASCRATCH/NLPA-2025-finals-rawchecking/Primary (grade all)/portfolio/20.0-670/17585__670__58571.jpg,0,Grey,,white,"R3.L3.M2.P2.H2 N3.Y4.T4.A4.J4
country=CA",s0 m2.40 r2.67 v0.30
16585__670__58561.jpg,20.0-670,/Volumes/NLPASCRATCH/NLPA-2025-finals-rawchecking/Primary (grade all)/portfolio/20.0-670/16585__670__58561.jpg,1,Purple,* * ,purple,"R2.L1.M1.P1.H5 N3.Y4.T4.A4.J4
country=CA",POTY - Third Place
80685__5815__58608.jpg,21.8-5815,/Volumes/NLPASCRATCH/NLPA-2025-finals-rawchecking/Primary (grade all)/portfolio/21.8-5815/80685__5815__58608.jpg,0,Grey,,white,"R2.L2.M3.P3.H1 N2.Y4.T2.A4.J4
country=nan",s0 m2.20 r2.67 v0.70
44726__1821__62744.jpg,19.4-1821,/Volumes/NLPASCRATCH/NLPA-2025-finals-rawchecking/Primary (grade all)/portfolio/19.4-1821/44726__1821__62744.jpg,0,Grey,,white,"R2.L1.M4.P2.H0 N3.Y4.T4.A4.J4
country=nan",s0 m1.80 r2.67 v2.20
52695__3938__59625.jpg,19.3-3938,/Volumes/NLPASCRATCH/NLPA-2025-finals-rawchecking/Primary (grade all)/portfolio/19.3-3938/52695__3938__59625.jpg,0,Grey,,white,"R3.L1.M4.P1.H1 N4.Y4.T4.A3.J4
country=nan",s0 m2.00 r2.67 v2.00
91335__2509__53319.jpg,19.4-2509,/Volumes/NLPASCRATCH/NLPA-2025-finals-rawchecking/Primary (grade all)/portfolio/19.4-2509/91335__2509__53319.jpg,0,Grey,,white,"R3.L2.M2.P1.H1 N3.Y4.T3.A4.J4
country=nan",s0 m1.80 r2.33 v0.70
95306__3652__60359.jpg,19.8-3652,/Volumes/NLPASCRATCH/NLPA-2025-finals-rawchecking/Primary (grade all)/portfolio/19.8-3652/95306__3652__60359.jpg,0,Grey,,white,"R2.L3.M0.P1.H2 N3.Y4.T4.A4.J4
country=CZ",s0 m1.60 r2.33 v1.30
75306__3652__60357.jpg,19.8-3652,/Volumes/NLPASCRATCH/NLPA-2025-finals-rawchecking/Primary (grade all)/portfolio/19.8-3652/75306__3652__60357.jpg,0,Grey,,white,"R1.L1.M3.P2.H2 N2.Y4.T4.A4.J4
country=CZ",s0 m1.80 r2.33 v0.70
05306__3652__60350.jpg,19.8-3652,/Volumes/NLPASCRATCH/NLPA-2025-finals-rawchecking/Primary (grade all)/portfolio/19.8-3652/05306__3652__60350.jpg,0,Grey,,white,"R3.L1.M1.P2.H2 N3.Y4.T3.A4.J4
country=CZ",s0 m1.80 r2.33 v0.70
41185__2972__58114.jpg,19.9-2972,/Volumes/NLPASCRATCH/NLPA-2025-finals-rawchecking/Primary (grade all)/portfolio/19.9-2972/41185__2972__58114.jpg,0,Grey,,white,"R2.L1.M2.P3.H2 N3.Y4.T3.A4.J4
country=IS",s0 m2.00 r2.33 v0.50
80185__2972__58108.jpg,19.9-2972,/Volumes/NLPASCRATCH/NLPA-2025-finals-rawchecking/Primary (grade all)/portfolio/19.9-2972/80185__2972__58108.jpg,0,Grey,,white,"R3.L2.M1.P2.H1 N3.Y4.T3.A4.J4
country=IS",s0 m1.80 r2.33 v0.70
98716__6113__61789.jpg,19.5-6113,/Volumes/NLPASCRATCH/NLPA-2025-finals-rawchecking/Primary (grade all)/portfolio/19.5-6113/98716__6113__61789.jpg,1,Purple,,purple,"R2.L2.M3.P2.H2 N3.Y4.T4.A4.J4
country=CZ",POTY - Fifth Place
88716__6113__61788.jpg,19.5-6113,/Volumes/NLPASCRATCH/NLPA-2025-finals-rawchecking/Primary (grade all)/portfolio/19.5-6113/88716__6113__61788.jpg,1,Purple,,purple,"R1.L0.M1.P2.H4 N2.Y4.T4.A4.J4
country=CZ",POTY - Fifth Place
29775__5962__57792.jpg,19.4-5962,/Volumes/NLPASCRATCH/NLPA-2025-finals-rawchecking/Primary (grade all)/portfolio/19.4-5962/29775__5962__57792.jpg,0,Grey,,white,"R2.L2.M3.P2.H2 N4.Y4.T3.A4.J4
country=FR",s0 m2.20 r2.33 v0.20
43985__2709__58934.jpg,20.6-2709,/Volumes/NLPASCRATCH/NLPA-2025-finals-rawchecking/Primary (grade all)/portfolio/20.6-2709/43985__2709__58934.jpg,0,Grey,,white,"R1.L1.M2.P2.H3 N3.Y4.T3.A4.J4
country=CZ",s0 m1.80 r2.33 v0.70
36095__2709__59063.jpg,20.6-2709,/Volumes/NLPASCRATCH/NLPA-2025-finals-rawchecking/Primary (grade all)/portfolio/20.6-2709/36095__2709__59063.jpg,0,Grey,,white,"R3.L1.M1.P2.H2 N3.Y4.T2.A4.J4
country=CZ",s0 m1.80 r2.33 v0.70
50785__2709__58705.jpg,20.6-2709,/Volumes/NLPASCRATCH/NLPA-2025-finals-rawchecking/Primary (grade all)/portfolio/20.6-2709/50785__2709__58705.jpg,0,Grey,,white,"R2.L2.M3.P2.H1 N3.Y4.T4.A4.J4
country=CZ",s0 m2.00 r2.33 v0.50
40785__2709__58704.jpg,20.6-2709,/Volumes/NLPASCRATCH/NLPA-2025-finals-rawchecking/Primary (grade all)/portfolio/20.6-2709/40785__2709__58704.jpg,0,Grey,,white,"R2.L2.M3.P2.H1 N3.Y4.T3.A4.J4
country=CZ",s0 m2.00 r2.33 v0.50
96146__1375__64169.jpg,19.8-1375,/Volumes/NLPASCRATCH/NLPA-2025-finals-rawchecking/Primary (grade all)/portfolio/19.8-1375/96146__1375__64169.jpg,1,Purple,,purple,"R1.L1.M2.P1.H4 N3.Y4.T3.A4.J4
country=US",POTY - Fourth Place
65555__2198__55556.jpg,19.0-2198,/Volumes/NLPASCRATCH/NLPA-2025-finals-rawchecking/Primary (grade all)/portfolio/19.0-2198/65555__2198__55556.jpg,0,Grey,,white,"R0.L2.M3.P2.H2 N4.Y4.T4.A4.J4
country=AU",s0 m1.80 r2.33 v1.20
84555__2198__55548.jpg,19.0-2198,/Volumes/NLPASCRATCH/NLPA-2025-finals-rawchecking/Primary (grade all)/portfolio/19.0-2198/84555__2198__55548.jpg,0,Grey,,white,"R2.L2.M3.P2.H2 N3.Y4.T4.A4.J4
country=AU",s0 m2.20 r2.33 v0.20
92426__4360__62429.jpg,19.8-4360,/Volumes/NLPASCRATCH/NLPA-2025-finals-rawchecking/Primary (grade all)/portfolio/19.8-4360/92426__4360__62429.jpg,0,Grey,,white,"R2.L2.M2.P3.H1 N3.Y4.T3.A5.J4
country=AU",s0 m2.00 r2.33 v0.50
56206__4360__60265.jpg,19.8-4360,/Volumes/NLPASCRATCH/NLPA-2025-finals-rawchecking/Primary (grade all)/portfolio/19.8-4360/56206__4360__60265.jpg,1,Purple,,purple,"R2.L1.M3.P2.H1 N3.Y4.T3.A3.J4
country=AU",POTY - Winner
37585__670__58573.jpg,20.0-670,/Volumes/NLPASCRATCH/NLPA-2025-finals-rawchecking/Primary (grade all)/portfolio/20.0-670/37585__670__58573.jpg,1,Purple,,purple,"R2.L1.M2.P3.H0 N3.Y4.T3.A3.J4
country=CA",POTY - Third Place
76585__670__58567.jpg,20.0-670,/Volumes/NLPASCRATCH/NLPA-2025-finals-rawchecking/Primary (grade all)/portfolio/20.0-670/76585__670__58567.jpg,0,Grey,,white,"R3.L2.M2.P2.H2 N4.Y4.T3.A4.J4
country=CA",s0 m2.20 r2.33 v0.20
75585__670__58557.jpg,20.0-670,/Volumes/NLPASCRATCH/NLPA-2025-finals-rawchecking/Primary (grade all)/portfolio/20.0-670/75585__670__58557.jpg,0,Grey,,white,"R2.L2.M3.P2.H2 N3.Y4.T3.A4.J4
country=CA",s0 m2.20 r2.33 v0.20
50685__5815__58605.jpg,21.8-5815,/Volumes/NLPASCRATCH/NLPA-2025-finals-rawchecking/Primary (grade all)/portfolio/21.8-5815/50685__5815__58605.jpg,0,Grey,,white,"R3.L1.M1.P3.H1 N3.Y4.T2.A4.J4
country=nan",s0 m1.80 r2.33 v1.20
34865__5944__56843.jpg,19.2-5944,/Volumes/NLPASCRATCH/NLPA-2025-finals-rawchecking/Primary (grade all)/portfolio/19.2-5944/34865__5944__56843.jpg,0,Grey,,white,"R2.L1.M3.P1.H2 N3.Y4.T4.A4.J4
country=US",s0 m1.80 r2.33 v0.70
84726__1821__62748.jpg,19.4-1821,/Volumes/NLPASCRATCH/NLPA-2025-finals-rawchecking/Primary (grade all)/portfolio/19.4-1821/84726__1821__62748.jpg,0,Grey,,white,"R2.L1.M2.P3.H0 N4.Y4.T2.A4.J4
country=nan",s0 m1.60 r2.33 v1.30
34726__1821__62743.jpg,19.4-1821,/Volumes/NLPASCRATCH/NLPA-2025-finals-rawchecking/Primary (grade all)/portfolio/19.4-1821/34726__1821__62743.jpg,0,Grey,,white,"R1.L1.M3.P3.H1 N4.Y4.T2.A4.J4
country=nan",s0 m1.80 r2.33 v1.20
54895__3938__59845.jpg,19.3-3938,/Volumes/NLPASCRATCH/NLPA-2025-finals-rawchecking/Primary (grade all)/portfolio/19.3-3938/54895__3938__59845.jpg,0,Grey,,white,"R2.L1.M3.P1.H2 N3.Y4.T3.A4.J4
country=nan",s0 m1.80 r2.33 v0.70
00695__3938__59600.jpg,19.3-3938,/Volumes/NLPASCRATCH/NLPA-2025-finals-rawchecking/Primary (grade all)/portfolio/19.3-3938/00695__3938__59600.jpg,0,Grey,,white,"R3.L2.M2.P2.H2 N4.Y4.T5.A3.J4
country=nan",s0 m2.20 r2.33 v0.20
51885__2832__58815.jpg,19.1-2832,/Volumes/NLPASCRATCH/NLPA-2025-finals-rawchecking/Primary (grade all)/portfolio/19.1-2832/51885__2832__58815.jpg,0,Grey,,white,"R3.L2.M2.P2.H2 N4.Y4.T4.A4.J4
country=US",s0 m2.20 r2.33 v0.20
72335__2509__53327.jpg,19.4-2509,/Volumes/NLPASCRATCH/NLPA-2025-finals-rawchecking/Primary (grade all)/portfolio/19.4-2509/72335__2509__53327.jpg,0,Grey,,white,"R3.L1.M1.P2.H1 N2.Y4.T4.A4.J4
country=nan",s0 m1.60 r2.00 v0.80
71335__2509__53317.jpg,19.4-2509,/Volumes/NLPASCRATCH/NLPA-2025-finals-rawchecking/Primary (grade all)/portfolio/19.4-2509/71335__2509__53317.jpg,0,Grey,,white,"R2.L2.M0.P1.H2 N3.Y4.T3.A3.J4
country=nan",s0 m1.40 r2.00 v0.80
40185__2972__58104.jpg,19.9-2972,/Volumes/NLPASCRATCH/NLPA-2025-finals-rawchecking/Primary (grade all)/portfolio/19.9-2972/40185__2972__58104.jpg,0,Grey,,white,"R2.L1.M0.P3.H1 N3.Y4.T2.A5.J4
country=IS",s0 m1.40 r2.00 v1.30
79716__6113__61797.jpg,19.5-6113,/Volumes/NLPASCRATCH/NLPA-2025-finals-rawchecking/Primary (grade all)/portfolio/19.5-6113/79716__6113__61797.jpg,0,Grey,,white,"R1.L0.M3.P2.H1 N3.Y4.T3.A2.J4
country=CZ",s0 m1.40 r2.00 v1.30
59716__6113__61795.jpg,19.5-6113,/Volumes/NLPASCRATCH/NLPA-2025-finals-rawchecking/Primary (grade all)/portfolio/19.5-6113/59716__6113__61795.jpg,1,Purple,,purple,"R2.L1.M2.P2.H1 N3.Y4.T3.A4.J4
country=CZ",POTY - Fifth Place
55216__2625__61255.jpg,20.8-2625,/Volumes/NLPASCRATCH/NLPA-2025-finals-rawchecking/Primary (grade all)/portfolio/20.8-2625/55216__2625__61255.jpg,1,Purple,,purple,"R1.L1.M3.P1.H2 N3.Y4.T3.A3.J4
country=NO",POTY - Sixth Place
68595__2625__59586.jpg,20.8-2625,/Volumes/NLPASCRATCH/NLPA-2025-finals-rawchecking/Primary (grade all)/portfolio/20.8-2625/68595__2625__59586.jpg,0,Green,,green,"R2.L1.M2.P2.H2 N2.Y4.T2.A4.J4
country=NO",s0 m1.80 r2.00 v0.20
98775__5962__57789.jpg,19.4-5962,/Volumes/NLPASCRATCH/NLPA-2025-finals-rawchecking/Primary (grade all)/portfolio/19.4-5962/98775__5962__57789.jpg,0,Grey,,white,"R2.L1.M1.P2.H2 N2.Y4.T3.A4.J4
country=FR",s0 m1.60 r2.00 v0.30
88775__5962__57788.jpg,19.4-5962,/Volumes/NLPASCRATCH/NLPA-2025-finals-rawchecking/Primary (grade all)/portfolio/19.4-5962/88775__5962__57788.jpg,0,Grey,,white,"R2.L2.M2.P2.H2 N3.Y4.T4.A4.J4
country=FR",s0 m2.00 r2.00 v0.00
17146__1375__64171.jpg,19.8-1375,/Volumes/NLPASCRATCH/NLPA-2025-finals-rawchecking/Primary (grade all)/portfolio/19.8-1375/17146__1375__64171.jpg,0,Grey,,white,"R2.L3.M1.P1.H1 N3.Y4.T4.A4.J4
country=US",s0 m1.60 r2.00 v0.80
56146__1375__64165.jpg,19.8-1375,/Volumes/NLPASCRATCH/NLPA-2025-finals-rawchecking/Primary (grade all)/portfolio/19.8-1375/56146__1375__64165.jpg,1,Purple,,purple,"R2.L2.M2.P1.H1 N3.Y4.T4.A3.J4
country=US",POTY - Fourth Place
65146__1375__64156.jpg,19.8-1375,/Volumes/NLPASCRATCH/NLPA-2025-finals-rawchecking/Primary (grade all)/portfolio/19.8-1375/65146__1375__64156.jpg,1,Purple,,purple,"R1.L3.M0.P1.H2 N3.Y4.T4.A4.J4
country=US",POTY - Fourth Place
85555__2198__55558.jpg,19.0-2198,/Volumes/NLPASCRATCH/NLPA-2025-finals-rawchecking/Primary (grade all)/portfolio/19.0-2198/85555__2198__55558.jpg,0,Grey,,white,"R3.L2.M1.P1.H1 N3.Y4.T3.A3.J4
country=AU",s0 m1.60 r2.00 v0.80
55555__2198__55555.jpg,19.0-2198,/Volumes/NLPASCRATCH/NLPA-2025-finals-rawchecking/Primary (grade all)/portfolio/19.0-2198/55555__2198__55555.jpg,0,Grey,,white,"R2.L1.M2.P2.H1 N3.Y4.T3.A4.J4
country=AU",s0 m1.60 r2.00 v0.30
66206__4360__60266.jpg,19.8-4360,/Volumes/NLPASCRATCH/NLPA-2025-finals-rawchecking/Primary (grade all)/portfolio/19.8-4360/66206__4360__60266.jpg,0,Grey,,white,"R2.L1.M1.P3.H1 N3.Y4.T3.A4.J4
country=AU",s0 m1.60 r2.00 v0.80
26206__4360__60262.jpg,19.8-4360,/Volumes/NLPASCRATCH/NLPA-2025-finals-rawchecking/Primary (grade all)/portfolio/19.8-4360/26206__4360__60262.jpg,0,Grey,,white,"R2.L1.M1.P3.H0 N2.Y4.T4.A4.J4
country=AU",s0 m1.40 r2.00 v1.30
47585__670__58574.jpg,20.0-670,/Volumes/NLPASCRATCH/NLPA-2025-finals-rawchecking/Primary (grade all)/portfolio/20.0-670/47585__670__58574.jpg,0,Grey,,white,"R2.L1.M2.P2.H1 N3.Y4.T3.A4.J4
country=CA",s0 m1.60 r2.00 v0.30
96585__670__58569.jpg,20.0-670,/Volumes/NLPASCRATCH/NLPA-2025-finals-rawchecking/Primary (grade all)/portfolio/20.0-670/96585__670__58569.jpg,1,Purple,,purple,"R2.L2.M2.P1.H2 N3.Y5.T5.A4.J5
country=CA",POTY - Third Place
86585__670__58568.jpg,20.0-670,/Volumes/NLPASCRATCH/NLPA-2025-finals-rawchecking/Primary (grade all)/portfolio/20.0-670/86585__670__58568.jpg,0,Grey,,white,"R4.L1.M1.P1.H1 N4.Y4.T4.A3.J4
country=CA",s0 m1.60 r2.00 v1.80
39785__5815__58793.jpg,21.8-5815,/Volumes/NLPASCRATCH/NLPA-2025-finals-rawchecking/Primary (grade all)/portfolio/21.8-5815/39785__5815__58793.jpg,0,Grey,,white,"R2.L1.M3.P1.H1 N3.Y4.T2.A4.J4
country=nan",s0 m1.60 r2.00 v0.80
28585__5815__58582.jpg,21.8-5815,/Volumes/NLPASCRATCH/NLPA-2025-finals-rawchecking/Primary (grade all)/portfolio/21.8-5815/28585__5815__58582.jpg,1,Purple,,purple,"R2.L1.M2.P2.H1 N3.Y4.T3.A3.J4
country=nan",POTY - Runner Up
15865__5944__56851.jpg,19.2-5944,/Volumes/NLPASCRATCH/NLPA-2025-finals-rawchecking/Primary (grade all)/portfolio/19.2-5944/15865__5944__56851.jpg,0,Grey,,white,"R3.L1.M1.P2.H1 N2.Y4.T4.A4.J4
country=US",s0 m1.60 r2.00 v0.80
64865__5944__56846.jpg,19.2-5944,/Volumes/NLPASCRATCH/NLPA-2025-finals-rawchecking/Primary (grade all)/portfolio/19.2-5944/64865__5944__56846.jpg,0,Grey,,white,"R2.L1.M2.P2.H1 N3.Y4.T4.A4.J4
country=US",s0 m1.60 r2.00 v0.30
44865__5944__56844.jpg,19.2-5944,/Volumes/NLPASCRATCH/NLPA-2025-finals-rawchecking/Primary (grade all)/portfolio/19.2-5944/44865__5944__56844.jpg,0,Grey,,white,"R2.L2.M2.P1.H1 N3.Y4.T4.A3.J4
country=US",s0 m1.60 r2.00 v0.30
14865__5944__56841.jpg,19.2-5944,/Volumes/NLPASCRATCH/NLPA-2025-finals-rawchecking/Primary (grade all)/portfolio/19.2-5944/14865__5944__56841.jpg,0,Grey,,white,"R3.L1.M1.P2.H1 N3.Y4.T4.A4.J4
country=US",s0 m1.60 r2.00 v0.80
89595__3938__59598.jpg,19.3-3938,/Volumes/NLPASCRATCH/NLPA-2025-finals-rawchecking/Primary (grade all)/portfolio/19.3-3938/89595__3938__59598.jpg,0,Grey,,white,"R2.L2.M2.P2.H2 N4.Y4.T4.A4.J4
country=nan",s0 m2.00 r2.00 v0.00
23335__2509__53332.jpg,19.4-2509,/Volumes/NLPASCRATCH/NLPA-2025-finals-rawchecking/Primary (grade all)/portfolio/19.4-2509/23335__2509__53332.jpg,0,Grey,,white,"R1.L2.M1.P1.H2 N3.Y4.T4.A4.J4
country=nan",s0 m1.40 r1.67 v0.30
82335__2509__53328.jpg,19.4-2509,/Volumes/NLPASCRATCH/NLPA-2025-finals-rawchecking/Primary (grade all)/portfolio/19.4-2509/82335__2509__53328.jpg,0,Grey,,white,"R3.L1.M1.P1.H1 N2.Y4.T3.A4.J4
country=nan",s0 m1.40 r1.67 v0.80
11185__2972__58111.jpg,19.9-2972,/Volumes/NLPASCRATCH/NLPA-2025-finals-rawchecking/Primary (grade all)/portfolio/19.9-2972/11185__2972__58111.jpg,0,Grey,,white,"R2.L1.M2.P1.H1 N3.Y4.T3.A4.J4
country=IS",s0 m1.40 r1.67 v0.30
63506__2625__60536.jpg,20.8-2625,/Volumes/NLPASCRATCH/NLPA-2025-finals-rawchecking/Primary (grade all)/portfolio/20.8-2625/63506__2625__60536.jpg,1,Purple,,purple,"R0.L1.M3.P1.H1 N2.Y4.T2.A3.J4
country=NO",POTY - Sixth Place
15555__2198__55551.jpg,19.0-2198,/Volumes/NLPASCRATCH/NLPA-2025-finals-rawchecking/Primary (grade all)/portfolio/19.0-2198/15555__2198__55551.jpg,0,Grey,,white,"R1.L1.M2.P2.H1 N3.Y4.T3.A4.J4
country=AU",s0 m1.40 r1.67 v0.30
83426__4360__62438.jpg,19.8-4360,/Volumes/NLPASCRATCH/NLPA-2025-finals-rawchecking/Primary (grade all)/portfolio/19.8-4360/83426__4360__62438.jpg,1,Purple,,purple,"R1.L1.M3.P1.H1 N2.Y4.T3.A4.J4
country=AU",POTY - Winner
85206__4360__60258.jpg,19.8-4360,/Volumes/NLPASCRATCH/NLPA-2025-finals-rawchecking/Primary (grade all)/portfolio/19.8-4360/85206__4360__60258.jpg,1,Purple,,purple,"R1.L1.M2.P2.H1 N3.Y4.T3.A3.J4
country=AU",POTY - Winner
06206__4360__60260.jpg,19.8-4360,/Volumes/NLPASCRATCH/NLPA-2025-finals-rawchecking/Primary (grade all)/portfolio/19.8-4360/06206__4360__60260.jpg,1,Purple,,purple,"R2.L1.M2.P1.H1 N3.Y4.T3.A4.J4
country=AU",POTY - Winner
66585__670__58566.jpg,20.0-670,/Volumes/NLPASCRATCH/NLPA-2025-finals-rawchecking/Primary (grade all)/portfolio/20.0-670/66585__670__58566.jpg,1,Purple,,purple,"R3.L1.M1.P1.H1 N3.Y4.T4.A3.J4
country=CA",POTY - Third Place
95585__670__58559.jpg,20.0-670,/Volumes/NLPASCRATCH/NLPA-2025-finals-rawchecking/Primary (grade all)/portfolio/20.0-670/95585__670__58559.jpg,0,Grey,,white,"R2.L1.M0.P2.H1 N3.Y4.T3.A3.J4
country=CA",s0 m1.20 r1.67 v0.70
85585__670__58558.jpg,20.0-670,/Volumes/NLPASCRATCH/NLPA-2025-finals-rawchecking/Primary (grade all)/portfolio/20.0-670/85585__670__58558.jpg,0,Grey,,white,"R2.L1.M0.P2.H1 N3.Y4.T3.A4.J4
country=CA",s0 m1.20 r1.67 v0.70
73865__5944__56837.jpg,19.2-5944,/Volumes/NLPASCRATCH/NLPA-2025-finals-rawchecking/Primary (grade all)/portfolio/19.2-5944/73865__5944__56837.jpg,0,Grey,,white,"R2.L1.M1.P0.H2 N3.Y4.T4.A2.J4
country=US",s0 m1.20 r1.67 v0.70
83726__1821__62738.jpg,19.4-1821,/Volumes/NLPASCRATCH/NLPA-2025-finals-rawchecking/Primary (grade all)/portfolio/19.4-1821/83726__1821__62738.jpg,0,Grey,,white,"R1.L2.M1.P2.H1 N3.Y4.T4.A4.J4
country=nan",s0 m1.40 r1.67 v0.30
72695__3938__59627.jpg,19.3-3938,/Volumes/NLPASCRATCH/NLPA-2025-finals-rawchecking/Primary (grade all)/portfolio/19.3-3938/72695__3938__59627.jpg,0,Grey,,white,"R2.L1.M1.P0.H2 N3.Y4.T5.A4.J4
country=nan",s0 m1.20 r1.67 v0.70
19595__3938__59591.jpg,19.3-3938,/Volumes/NLPASCRATCH/NLPA-2025-finals-rawchecking/Primary (grade all)/portfolio/19.3-3938/19595__3938__59591.jpg,0,Grey,,white,"R2.L1.M1.P1.H2 N4.Y4.T5.A3.J4
country=nan",s0 m1.40 r1.67 v0.30
13335__2509__53331.jpg,19.4-2509,/Volumes/NLPASCRATCH/NLPA-2025-finals-rawchecking/Primary (grade all)/portfolio/19.4-2509/13335__2509__53331.jpg,0,Grey,,white,"R2.L1.M0.P0.H1 N3.Y4.T2.A3.J4
country=nan",s0 m0.80 r1.33 v0.70
03335__2509__53330.jpg,19.4-2509,/Volumes/NLPASCRATCH/NLPA-2025-finals-rawchecking/Primary (grade all)/portfolio/19.4-2509/03335__2509__53330.jpg,0,Grey,,white,"R2.L1.M0.P1.H1 N3.Y4.T2.A4.J4
country=nan",s0 m1.00 r1.33 v0.50
81185__2972__58118.jpg,19.9-2972,/Volumes/NLPASCRATCH/NLPA-2025-finals-rawchecking/Primary (grade all)/portfolio/19.9-2972/81185__2972__58118.jpg,0,Grey,,white,"R2.L1.M0.P1.H1 N3.Y4.T3.A4.J4
country=IS",s0 m1.00 r1.33 v0.50
76146__1375__64167.jpg,19.8-1375,/Volumes/NLPASCRATCH/NLPA-2025-finals-rawchecking/Primary (grade all)/portfolio/19.8-1375/76146__1375__64167.jpg,1,Purple,,purple,"R2.L1.M1.P1.H1 N2.Y4.T4.A3.J4
country=US",POTY - Fourth Place
75555__2198__55557.jpg,19.0-2198,/Volumes/NLPASCRATCH/NLPA-2025-finals-rawchecking/Primary (grade all)/portfolio/19.0-2198/75555__2198__55557.jpg,0,Grey,,white,"R2.L0.M0.P1.H1 N3.Y4.T2.A3.J4
country=AU",s0 m0.80 r1.33 v0.70
45555__2198__55554.jpg,19.0-2198,/Volumes/NLPASCRATCH/NLPA-2025-finals-rawchecking/Primary (grade all)/portfolio/19.0-2198/45555__2198__55554.jpg,0,Grey,,white,"R0.L1.M1.P2.H0 N2.Y4.T4.A4.J4
country=AU",s0 m0.80 r1.33 v0.70
73206__4360__60237.jpg,19.8-4360,/Volumes/NLPASCRATCH/NLPA-2025-finals-rawchecking/Primary (grade all)/portfolio/19.8-4360/73206__4360__60237.jpg,0,Grey,,white,"R1.L1.M1.P2.H1 N4.Y4.T3.A4.J4
country=AU",s0 m1.20 r1.33 v0.20
26585__670__58562.jpg,20.0-670,/Volumes/NLPASCRATCH/NLPA-2025-finals-rawchecking/Primary (grade all)/portfolio/20.0-670/26585__670__58562.jpg,1,Purple,,purple,"R2.L1.M1.P1.H1 N4.Y4.T3.A4.J4
country=CA",POTY - Third Place
10695__3938__59601.jpg,19.3-3938,/Volumes/NLPASCRATCH/NLPA-2025-finals-rawchecking/Primary (grade all)/portfolio/19.3-3938/10695__3938__59601.jpg,0,Grey,,white,"R2.L1.M1.P1.H1 N2.Y4.T4.A4.J4
country=nan",s0 m1.20 r1.33 v0.20
39595__3938__59593.jpg,19.3-3938,/Volumes/NLPASCRATCH/NLPA-2025-finals-rawchecking/Primary (grade all)/portfolio/19.3-3938/39595__3938__59593.jpg,0,Grey,,white,"R2.L1.M1.P1.H1 N3.Y4.T5.A3.J4
country=nan",s0 m1.20 r1.33 v0.20
63885__2832__58836.jpg,19.1-2832,/Volumes/NLPASCRATCH/NLPA-2025-finals-rawchecking/Primary (grade all)/portfolio/19.1-2832/63885__2832__58836.jpg,0,Grey,,white,"R1.L1.M1.P2.H1 N3.Y4.T3.A4.J4
country=US",s0 m1.20 r1.33 v0.20
57395__2509__59375.jpg,19.4-2509,/Volumes/NLPASCRATCH/NLPA-2025-finals-rawchecking/Primary (grade all)/portfolio/19.4-2509/57395__2509__59375.jpg,0,Grey,,white,"R1.L0.M1.P1.H1 N2.Y4.T3.A4.J4
country=nan",s0 m0.80 r1.00 v0.20
46146__1375__64164.jpg,19.8-1375,/Volumes/NLPASCRATCH/NLPA-2025-finals-rawchecking/Primary (grade all)/portfolio/19.8-1375/46146__1375__64164.jpg,1,Purple,,purple,"R1.L1.M1.P1.H1 N2.Y4.T4.A4.J4
country=US",POTY - Fourth Place
69595__3938__59596.jpg,19.3-3938,/Volumes/NLPASCRATCH/NLPA-2025-finals-rawchecking/Primary (grade all)/portfolio/19.3-3938/69595__3938__59596.jpg,0,Grey,,white,"R1.L1.M0.P1.H1 N4.Y4.T3.A3.J4
country=nan",s0 m0.80 r1.00 v0.20
78716__6113__61787.jpg,19.5-6113,/Volumes/NLPASCRATCH/NLPA-2025-finals-rawchecking/Primary (grade all)/portfolio/19.5-6113/78716__6113__61787.jpg,1,Purple,,purple,"R1.L0.M0.P1.H0 N3.Y4.T4.A4.J4
country=CZ",POTY - Fifth Place
92335__2509__53329.jpg,19.4-2509,/Volumes/NLPASCRATCH/NLPA-2025-finals-rawchecking/Primary (grade all)/portfolio/19.4-2509/92335__2509__53329.jpg,0,Grey,,white,"R0.L0.M0.P0.H0 N2.Y4.T2.A3.J4
country=nan",s0 m0.00 r0.00 v0.00
33335__2509__53333.jpg,19.4-2509,/Volumes/NLPASCRATCH/NLPA-2025-finals-rawchecking/Primary (grade all)/portfolio/19.4-2509/33335__2509__53333.jpg,0,Grey,,white,"R0.L0.M0.P0.H0 N2.Y3.T3.A3.J3
country=nan",s0 m0.00 r0.00 v0.00
62335__2509__53326.jpg,19.4-2509,/Volumes/NLPASCRATCH/NLPA-2025-finals-rawchecking/Primary (grade all)/portfolio/19.4-2509/62335__2509__53326.jpg,0,Grey,,white,"R0.L0.M0.P0.H0 N3.Y3.T3.A3.J3
country=nan",s0 m0.00 r0.00 v0.00
81335__2509__53318.jpg,19.4-2509,/Volumes/NLPASCRATCH/NLPA-2025-finals-rawchecking/Primary (grade all)/portfolio/19.4-2509/81335__2509__53318.jpg,0,Grey,,white,"R0.L0.M0.P0.H0 N3.Y3.T3.A3.J3
country=nan",s0 m0.00 r0.00 v0.00
65306__3652__60356.jpg,19.8-3652,/Volumes/NLPASCRATCH/NLPA-2025-finals-rawchecking/Primary (grade all)/portfolio/19.8-3652/65306__3652__60356.jpg,0,Grey,,white,"R0.L0.M0.P0.H0 N2.Y3.T2.A2.J3
country=CZ",s0 m0.00 r0.00 v0.00
91185__2972__58119.jpg,19.9-2972,/Volumes/NLPASCRATCH/NLPA-2025-finals-rawchecking/Primary (grade all)/portfolio/19.9-2972/91185__2972__58119.jpg,0,Grey,,white,"R0.L0.M0.P0.H0 N2.Y3.T3.A3.J2
country=IS",s0 m0.00 r0.00 v0.00
70185__2972__58107.jpg,19.9-2972,/Volumes/NLPASCRATCH/NLPA-2025-finals-rawchecking/Primary (grade all)/portfolio/19.9-2972/70185__2972__58107.jpg,0,Grey,,white,"R0.L0.M0.P0.H0 N2.Y4.T2.A4.J4
country=IS",s0 m0.00 r0.00 v0.00
60185__2972__58106.jpg,19.9-2972,/Volumes/NLPASCRATCH/NLPA-2025-finals-rawchecking/Primary (grade all)/portfolio/19.9-2972/60185__2972__58106.jpg,0,Grey,,white,"R0.L0.M0.P0.H0 N3.Y3.T2.A3.J2
country=IS",s0 m0.00 r0.00 v0.00
50185__2972__58105.jpg,19.9-2972,/Volumes/NLPASCRATCH/NLPA-2025-finals-rawchecking/Primary (grade all)/portfolio/19.9-2972/50185__2972__58105.jpg,0,Grey,,white,"R0.L0.M0.P0.H0 N2.Y3.T3.A3.J2
country=IS",s0 m0.00 r0.00 v0.00
30185__2972__58103.jpg,19.9-2972,/Volumes/NLPASCRATCH/NLPA-2025-finals-rawchecking/Primary (grade all)/portfolio/19.9-2972/30185__2972__58103.jpg,0,Grey,,white,"R0.L0.M0.P0.H0 N2.Y3.T3.A3.J2
country=IS",s0 m0.00 r0.00 v0.00
69716__6113__61796.jpg,19.5-6113,/Volumes/NLPASCRATCH/NLPA-2025-finals-rawchecking/Primary (grade all)/portfolio/19.5-6113/69716__6113__61796.jpg,1,Purple,,purple,"R0.L0.M0.P0.H0 N2.Y4.T3.A4.J4
country=CZ",POTY - Fifth Place
29716__6113__61792.jpg,19.5-6113,/Volumes/NLPASCRATCH/NLPA-2025-finals-rawchecking/Primary (grade all)/portfolio/19.5-6113/29716__6113__61792.jpg,0,Grey,,white,"R0.L0.M0.P0.H0 N2.Y3.T2.A3.J3
country=CZ",s0 m0.00 r0.00 v0.00
58716__6113__61785.jpg,19.5-6113,/Volumes/NLPASCRATCH/NLPA-2025-finals-rawchecking/Primary (grade all)/portfolio/19.5-6113/58716__6113__61785.jpg,1,Purple,,purple,"R0.L0.M0.P0.H0 N2.Y3.T2.A2.J3
country=CZ",POTY - Fifth Place
94506__2625__60549.jpg,20.8-2625,/Volumes/NLPASCRATCH/NLPA-2025-finals-rawchecking/Primary (grade all)/portfolio/20.8-2625/94506__2625__60549.jpg,1,Purple,,purple,"R0.L0.M0.P0.H0 N2.Y3.T3.A3.J3
country=NO",POTY - Sixth Place
84506__2625__60548.jpg,20.8-2625,/Volumes/NLPASCRATCH/NLPA-2025-finals-rawchecking/Primary (grade all)/portfolio/20.8-2625/84506__2625__60548.jpg,0,Grey,,white,"R0.L0.M0.P0.H0 N2.Y3.T3.A2.J3
country=NO",s0 m0.00 r0.00 v0.00
85695__2625__59658.jpg,20.8-2625,/Volumes/NLPASCRATCH/NLPA-2025-finals-rawchecking/Primary (grade all)/portfolio/20.8-2625/85695__2625__59658.jpg,1,Purple,,purple,"R0.L0.M0.P0.H0 N2.Y3.T2.A2.J3
country=NO",POTY - Sixth Place
48595__2625__59584.jpg,20.8-2625,/Volumes/NLPASCRATCH/NLPA-2025-finals-rawchecking/Primary (grade all)/portfolio/20.8-2625/48595__2625__59584.jpg,0,Grey,,white,"R0.L0.M0.P0.H0 N2.Y3.T2.A3.J3
country=NO",s0 m0.00 r0.00 v0.00
28595__2625__59582.jpg,20.8-2625,/Volumes/NLPASCRATCH/NLPA-2025-finals-rawchecking/Primary (grade all)/portfolio/20.8-2625/28595__2625__59582.jpg,1,Purple,,purple,"R0.L0.M0.P0.H0 N2.Y3.T2.A3.J3
country=NO",POTY - Sixth Place
37146__1375__64173.jpg,19.8-1375,/Volumes/NLPASCRATCH/NLPA-2025-finals-rawchecking/Primary (grade all)/portfolio/19.8-1375/37146__1375__64173.jpg,0,Grey,,white,"R0.L0.M0.P0.H0 N2.Y3.T3.A3.J2
country=US",s0 m0.00 r0.00 v0.00
07146__1375__64170.jpg,19.8-1375,/Volumes/NLPASCRATCH/NLPA-2025-finals-rawchecking/Primary (grade all)/portfolio/19.8-1375/07146__1375__64170.jpg,0,Grey,,white,"R0.L0.M0.P0.H0 N3.Y3.T3.A3.J3
country=US",s0 m0.00 r0.00 v0.00
06146__1375__64160.jpg,19.8-1375,/Volumes/NLPASCRATCH/NLPA-2025-finals-rawchecking/Primary (grade all)/portfolio/19.8-1375/06146__1375__64160.jpg,0,Grey,,white,"R0.L0.M0.P0.H0 N2.Y2.T3.A3.J3
country=US",s0 m0.00 r0.00 v0.00
94555__2198__55549.jpg,19.0-2198,/Volumes/NLPASCRATCH/NLPA-2025-finals-rawchecking/Primary (grade all)/portfolio/19.0-2198/94555__2198__55549.jpg,0,Grey,,white,"R0.L0.M0.P0.H0 N4.Y4.T3.A4.J4
country=AU",s0 m0.00 r0.00 v0.00
74555__2198__55547.jpg,19.0-2198,/Volumes/NLPASCRATCH/NLPA-2025-finals-rawchecking/Primary (grade all)/portfolio/19.0-2198/74555__2198__55547.jpg,0,Grey,,white,"R0.L0.M0.P0.H0 N3.Y4.T4.A4.J4
country=AU",s0 m0.00 r0.00 v0.00
95206__4360__60259.jpg,19.8-4360,/Volumes/NLPASCRATCH/NLPA-2025-finals-rawchecking/Primary (grade all)/portfolio/19.8-4360/95206__4360__60259.jpg,0,Grey,,white,"R0.L0.M0.P0.H0 N2.Y3.T2.A3.J3
country=AU",s0 m0.00 r0.00 v0.00
45206__4360__60254.jpg,19.8-4360,/Volumes/NLPASCRATCH/NLPA-2025-finals-rawchecking/Primary (grade all)/portfolio/19.8-4360/45206__4360__60254.jpg,1,Purple,,purple,"R0.L0.M0.P0.H0 N3.Y3.T2.A3.J3
country=AU",POTY - Winner
56585__670__58565.jpg,20.0-670,/Volumes/NLPASCRATCH/NLPA-2025-finals-rawchecking/Primary (grade all)/portfolio/20.0-670/56585__670__58565.jpg,0,Grey,,white,"R0.L0.M0.P0.H0 N2.Y2.T2.A3.J3
country=CA",s0 m0.00 r0.00 v0.00
46585__670__58564.jpg,20.0-670,/Volumes/NLPASCRATCH/NLPA-2025-finals-rawchecking/Primary (grade all)/portfolio/20.0-670/46585__670__58564.jpg,0,Grey,,white,"R0.L0.M0.P0.H0 N3.Y3.T3.A3.J3
country=CA",s0 m0.00 r0.00 v0.00
29785__5815__58792.jpg,21.8-5815,/Volumes/NLPASCRATCH/NLPA-2025-finals-rawchecking/Primary (grade all)/portfolio/21.8-5815/29785__5815__58792.jpg,0,Grey,,white,"R0.L0.M0.P0.H0 N2.Y3.T2.A3.J3
country=nan",s0 m0.00 r0.00 v0.00
70685__5815__58607.jpg,21.8-5815,/Volumes/NLPASCRATCH/NLPA-2025-finals-rawchecking/Primary (grade all)/portfolio/21.8-5815/70685__5815__58607.jpg,0,Grey,,white,"R0.L0.M0.P0.H0 N3.Y3.T2.A3.J3
country=nan",s0 m0.00 r0.00 v0.00
60685__5815__58606.jpg,21.8-5815,/Volumes/NLPASCRATCH/NLPA-2025-finals-rawchecking/Primary (grade all)/portfolio/21.8-5815/60685__5815__58606.jpg,0,Grey,,white,"R0.L0.M0.P0.H0 N3.Y2.T3.A3.J3
country=nan",s0 m0.00 r0.00 v0.00
54045__5815__54045.jpg,21.8-5815,/Volumes/NLPASCRATCH/NLPA-2025-finals-rawchecking/Primary (grade all)/portfolio/21.8-5815/54045__5815__54045.jpg,1,Purple,,purple,"R0.L0.M0.P0.H0 N2.Y3.T3.A2.J3
country=nan",POTY - Runner Up
44045__5815__54044.jpg,21.8-5815,/Volumes/NLPASCRATCH/NLPA-2025-finals-rawchecking/Primary (grade all)/portfolio/21.8-5815/44045__5815__54044.jpg,1,Purple,,purple,"R0.L0.M0.P0.H0 N2.Y3.T3.A2.J3
country=nan",POTY - Runner Up
24045__5815__54042.jpg,21.8-5815,/Volumes/NLPASCRATCH/NLPA-2025-finals-rawchecking/Primary (grade all)/portfolio/21.8-5815/24045__5815__54042.jpg,0,Grey,,white,"R0.L0.M0.P0.H0 N2.Y4.T3.A4.J4
country=nan",s0 m0.00 r0.00 v0.00
94865__5944__56849.jpg,19.2-5944,/Volumes/NLPASCRATCH/NLPA-2025-finals-rawchecking/Primary (grade all)/portfolio/19.2-5944/94865__5944__56849.jpg,0,Grey,,white,"R0.L0.M0.P0.H0 N3.Y3.T3.A3.J3
country=US",s0 m0.00 r0.00 v0.00
53865__5944__56835.jpg,19.2-5944,/Volumes/NLPASCRATCH/NLPA-2025-finals-rawchecking/Primary (grade all)/portfolio/19.2-5944/53865__5944__56835.jpg,0,Grey,,white,"R0.L0.M0.P0.H0 N3.Y3.T3.A2.J3
country=US",s0 m0.00 r0.00 v0.00
94726__1821__62749.jpg,19.4-1821,/Volumes/NLPASCRATCH/NLPA-2025-finals-rawchecking/Primary (grade all)/portfolio/19.4-1821/94726__1821__62749.jpg,0,Grey,,white,"R0.L0.M0.P0.H0 N3.Y3.T3.A3.J3
country=nan",s0 m0.00 r0.00 v0.00
74726__1821__62747.jpg,19.4-1821,/Volumes/NLPASCRATCH/NLPA-2025-finals-rawchecking/Primary (grade all)/portfolio/19.4-1821/74726__1821__62747.jpg,0,Grey,,white,"R0.L0.M0.P0.H0 N2.Y4.T3.A4.J4
country=nan",s0 m0.00 r0.00 v0.00
24726__1821__62742.jpg,19.4-1821,/Volumes/NLPASCRATCH/NLPA-2025-finals-rawchecking/Primary (grade all)/portfolio/19.4-1821/24726__1821__62742.jpg,0,Grey,,white,"R0.L0.M0.P0.H0 N3.Y2.T2.A3.J3
country=nan",s0 m0.00 r0.00 v0.00
14726__1821__62741.jpg,19.4-1821,/Volumes/NLPASCRATCH/NLPA-2025-finals-rawchecking/Primary (grade all)/portfolio/19.4-1821/14726__1821__62741.jpg,0,Grey,,white,"R0.L0.M0.P0.H0 N3.Y3.T2.A3.J3
country=nan",s0 m0.00 r0.00 v0.00
94206__2832__60249.jpg,19.1-2832,/Volumes/NLPASCRATCH/NLPA-2025-finals-rawchecking/Primary (grade all)/portfolio/19.1-2832/94206__2832__60249.jpg,0,Grey,,white,"R0.L0.M0.P0.H0 N3.Y3.T2.A3.J3
country=US",s0 m0.00 r0.00 v0.00
75206__2832__60257.jpg,19.1-2832,/Volumes/NLPASCRATCH/NLPA-2025-finals-rawchecking/Primary (grade all)/portfolio/19.1-2832/75206__2832__60257.jpg,0,Grey,,white,"R0.L0.M0.P0.H0 N3.Y3.T1.A3.J3
country=US",s0 m0.00 r0.00 v0.00
61885__2832__58816.jpg,19.1-2832,/Volumes/NLPASCRATCH/NLPA-2025-finals-rawchecking/Primary (grade all)/portfolio/19.1-2832/61885__2832__58816.jpg,0,Grey,,white,"R0.L0.M0.P0.H0 N3.Y3.T2.A2.J3
country=US",s0 m0.00 r0.00 v0.00
21885__2832__58812.jpg,19.1-2832,/Volumes/NLPASCRATCH/NLPA-2025-finals-rawchecking/Primary (grade all)/portfolio/19.1-2832/21885__2832__58812.jpg,0,Grey,,white,"R0.L0.M0.P0.H0 N3.Y4.T3.A4.J4
country=US",s0 m0.00 r0.00 v0.00
11885__2832__58811.jpg,19.1-2832,/Volumes/NLPASCRATCH/NLPA-2025-finals-rawchecking/Primary (grade all)/portfolio/19.1-2832/11885__2832__58811.jpg,0,Grey,,white,"R0.L0.M0.P0.H0 N2.Y3.T2.A3.J3
country=US",s0 m0.00 r0.00 v0.00